Country,Minute Index,Sessions
Indonesia,600,677
Indonesia,601,402
Indonesia,602,400
Indonesia,603,371
Indonesia,604,316
Indonesia,605,275
Indonesia,606,295
Indonesia,607,228
Indonesia,608,259
Indonesia,609,218
Indonesia,599,290
Indonesia,610,221
Indonesia,611,197
Indonesia,612,180
Indonesia,613,175
Indonesia,616,163
Indonesia,614,176
Indonesia,615,157
Indonesia,617,157
Indonesia,598,197
Indonesia,620,151
Indonesia,618,149
Indonesia,619,147
Indonesia,621,116
Indonesia,622,137
United States,898,461
Indonesia,623,130
Indonesia,1321,151
Indonesia,597,163
Indonesia,1320,154
United States,897,495
Indonesia,427,233
Indonesia,624,110
Indonesia,596,168
Indonesia,436,199
United States,899,426
Indonesia,430,214
Indonesia,1322,128
Indonesia,428,216
Indonesia,429,191
Indonesia,625,116
Indonesia,434,168
Indonesia,433,208
Indonesia,627,120
Indonesia,626,130
Indonesia,431,179
Indonesia,441,184
Indonesia,437,192
Indonesia,442,186
Indonesia,439,180
Indonesia,432,188
Indonesia,443,197
Indonesia,435,191
Indonesia,426,203
Indonesia,595,157
Indonesia,630,114
Indonesia,438,181
Indonesia,444,187
United States,701,384
Indonesia,445,164
Indonesia,440,187
Indonesia,448,191
United States,702,403
Indonesia,628,99
United States,1003,375
Indonesia,629,108
United States,1010,397
United States,984,383
Indonesia,594,136
United States,996,385
United States,987,386
Indonesia,593,134
Indonesia,1323,128
United States,669,381
United States,668,393
United States,1017,389
United States,1007,374
Indonesia,450,168
Indonesia,631,107
United States,1012,356
United States,686,372
United States,690,348
United States,985,367
United States,997,367
Indonesia,446,148
Indonesia,449,174
United States,703,359
United States,1027,368
Indonesia,447,159
United States,683,352
United States,901,359
United States,902,369
United States,1011,353
United States,914,371
United States,1013,357
United States,707,372
United States,993,348
United States,1009,354
United States,1015,342
United States,684,346
United States,689,347
United States,900,340
United States,983,378
United States,706,368
United States,908,366
United States,994,369
United States,1004,361
United States,1006,365
United States,692,354
United States,665,354
United States,693,345
United States,695,348
United States,697,343
United States,903,342
United States,671,367
United States,698,346
United States,986,346
United States,1023,341
United States,1024,363
United States,992,355
United States,907,363
United States,1000,369
United States,1002,355
Indonesia,451,153
United States,699,336
United States,1001,356
United States,623,337
United States,955,361
United States,995,353
Indonesia,1260,140
United States,657,361
United States,1026,352
United States,1028,348
United States,667,358
United States,713,355
United States,708,346
United States,1053,331
United States,635,365
United States,1080,336
United States,1128,361
Indonesia,425,146
United States,678,339
United States,936,332
United States,1029,344
Indonesia,633,102
United States,664,357
United States,677,352
United States,999,340
United States,704,346
United States,864,348
United States,1005,356
United States,714,337
United States,716,341
United States,1014,338
Indonesia,592,133
Indonesia,632,92
United States,658,351
United States,991,338
United States,1081,336
United States,989,326
United States,1020,349
United States,627,353
United States,1032,349
Indonesia,1319,111
United States,910,347
United States,979,335
United States,1071,343
Indonesia,591,135
United States,691,315
United States,721,364
United States,981,329
United States,998,335
United States,666,345
United States,680,334
United States,740,345
United States,800,337
United States,875,326
United States,904,341
United States,927,337
United States,990,348
United States,1019,344
United States,1034,333
United States,1073,328
United States,718,343
United States,725,335
United States,889,345
United States,759,341
United States,829,347
United States,835,340
United States,1016,325
United States,1089,328
United States,1108,331
United States,724,343
United States,895,335
United States,1018,326
United States,1039,331
United States,1061,334
United States,1165,334
United States,636,328
United States,753,346
United States,921,357
United States,932,327
United States,954,339
Indonesia,454,163
United States,662,347
United States,676,324
United States,700,328
United States,709,325
United States,742,328
United States,801,329
United States,828,315
United States,950,343
United States,1047,329
United States,1096,325
Indonesia,634,88
Indonesia,1325,122
United States,682,321
United States,720,339
United States,739,335
United States,775,338
United States,922,329
United States,931,334
United States,960,336
United States,1072,334
United States,1085,316
Indonesia,455,165
Indonesia,456,137
United States,679,326
United States,1111,330
Indonesia,424,124
United States,711,343
United States,915,337
United States,917,339
United States,923,322
United States,938,313
United States,1008,338
United States,1022,321
United States,1129,327
United States,663,333
United States,705,325
United States,748,336
United States,839,328
United States,1092,319
Indonesia,452,138
Indonesia,453,132
United States,736,333
United States,749,321
United States,892,336
United States,988,313
United States,1036,344
United States,1060,334
United States,1078,339
Indonesia,459,143
Indonesia,1324,100
United States,672,324
United States,719,334
United States,723,332
United States,836,335
United States,1148,331
United States,757,330
United States,937,334
United States,944,319
United States,1040,330
United States,1197,329
United States,681,313
United States,872,329
United States,919,331
United States,1046,343
United States,1083,328
United States,1133,326
United States,1136,324
United States,655,338
United States,710,328
United States,727,339
United States,732,325
United States,823,332
United States,1070,321
United States,629,321
United States,761,327
United States,943,326
United States,1075,324
United States,1112,317
United States,1123,333
United States,717,335
United States,837,324
United States,929,314
United States,980,326
United States,1056,330
United States,1114,321
United States,1135,314
United States,648,311
United States,685,317
United States,694,308
United States,712,335
United States,752,335
United States,758,330
United States,762,343
United States,764,344
United States,810,334
United States,834,337
United States,838,304
United States,858,319
United States,1031,319
United States,1041,322
United States,1058,313
United States,1162,333
United States,640,339
United States,641,318
United States,656,324
United States,845,333
United States,1043,318
United States,1134,315
United States,1180,297
United States,722,322
United States,744,322
United States,874,341
United States,882,321
United States,912,315
United States,920,325
United States,956,319
United States,966,340
United States,982,320
United States,1091,333
United States,1095,319
United States,1147,327
United States,777,328
United States,833,337
United States,941,321
United States,945,327
United States,1084,318
United States,1086,310
United States,1146,329
United States,747,326
United States,774,325
United States,861,320
United States,933,305
United States,1021,319
United States,1030,314
United States,1087,331
United States,1164,315
United States,624,321
United States,654,331
United States,730,299
United States,735,342
United States,853,317
United States,891,328
United States,905,314
United States,909,319
United States,939,302
United States,1063,329
United States,1121,313
United States,1160,318
United States,660,325
United States,661,333
United States,745,311
United States,792,322
United States,951,316
United States,1057,305
United States,1141,328
United States,1163,320
United States,715,321
United States,814,326
United States,851,335
United States,896,312
United States,906,295
United States,1038,330
United States,1067,318
United States,1074,303
United States,1090,302
United States,1107,325
United States,1119,302
United States,1143,309
Indonesia,1261,102
United States,634,313
United States,751,326
United States,850,327
United States,887,322
United States,949,320
United States,957,309
United States,1069,328
United States,1139,316
Indonesia,1326,93
United States,642,329
United States,644,340
United States,830,316
Indonesia,636,102
United States,734,319
United States,778,327
United States,819,333
United States,831,299
United States,865,313
United States,894,309
United States,916,316
United States,930,310
United States,947,324
United States,1048,318
United States,1059,301
United States,1062,317
United States,1124,325
United States,1145,306
Indonesia,458,143
United States,794,331
United States,804,323
United States,821,328
United States,824,319
United States,913,314
United States,918,320
United States,659,317
United States,670,322
United States,696,299
United States,840,310
United States,888,312
United States,1077,309
United States,1117,309
United States,1120,314
United States,1150,307
United States,770,331
United States,784,317
United States,791,315
United States,795,305
United States,925,314
United States,1033,298
United States,1052,309
United States,673,286
United States,754,306
United States,812,310
United States,826,314
United States,885,313
United States,967,307
United States,977,320
United States,1093,299
United States,1099,295
United States,1109,309
United States,1110,316
United States,1132,302
United States,630,315
United States,726,315
United States,733,315
United States,743,313
United States,860,313
United States,890,301
United States,1185,304
United States,578,308
United States,626,312
United States,737,306
United States,741,312
United States,760,314
United States,928,305
United States,1042,316
United States,731,323
United States,776,316
United States,817,328
United States,844,307
United States,866,322
United States,940,311
United States,1025,313
United States,1051,306
United States,1076,315
United States,1088,299
United States,1126,306
United States,1159,309
United States,1178,307
Indonesia,635,108
Indonesia,1328,113
United States,782,323
United States,847,325
United States,924,295
United States,942,299
United States,978,320
United States,1097,303
United States,1103,295
United States,763,313
United States,766,300
United States,959,309
United States,1064,293
United States,1079,296
United States,1113,310
United States,1137,295
United States,616,310
United States,688,299
United States,746,310
United States,771,314
United States,852,321
United States,854,306
United States,856,311
United States,1050,308
United States,1065,310
United States,1156,313
Indonesia,460,145
United States,765,310
United States,781,321
United States,787,316
United States,793,319
United States,813,315
United States,827,319
United States,855,309
United States,863,310
United States,886,311
United States,975,309
United States,976,312
United States,1049,290
United States,1149,294
United States,580,308
United States,650,311
United States,687,298
United States,750,315
United States,773,313
United States,796,302
United States,1035,308
United States,1045,317
United States,1125,314
United States,1191,306
United States,953,313
United States,958,298
United States,1082,297
United States,1094,301
United States,934,306
United States,971,308
United States,1054,289
United States,1151,294
United States,1161,315
United States,1174,308
Indonesia,639,93
United States,577,300
United States,587,309
United States,797,306
United States,799,301
United States,870,299
United States,1152,308
United States,1153,305
United States,1189,315
Indonesia,1200,120
United States,729,306
United States,772,303
United States,805,304
United States,809,308
United States,843,308
United States,857,307
United States,962,320
United States,1098,305
United States,1166,300
Indonesia,462,132
United States,604,308
United States,1101,310
United States,1131,313
Indonesia,423,136
Indonesia,461,130
Indonesia,468,131
United States,675,296
United States,738,312
United States,790,305
United States,848,305
United States,868,317
United States,878,297
United States,1122,293
United States,1168,308
Indonesia,422,147
United States,638,314
United States,755,314
United States,768,296
United States,785,320
United States,926,303
United States,952,301
United States,972,303
Indonesia,1327,118
United States,645,310
United States,822,306
United States,869,315
United States,893,291
United States,911,292
United States,946,297
United States,965,295
United States,806,290
United States,948,298
United States,1055,314
United States,1115,309
United States,1155,305
United States,1179,293
United States,818,316
United States,871,292
United States,881,305
United States,1116,307
United States,1158,302
Indonesia,1263,109
United States,588,305
United States,652,301
United States,884,308
United States,1037,301
United States,1104,288
United States,1157,295
United States,1167,296
Indonesia,421,125
Indonesia,457,130
Indonesia,590,99
United States,575,297
United States,617,303
United States,789,296
United States,825,288
United States,973,307
United States,1102,300
United States,1206,297
United States,576,303
United States,628,292
United States,876,304
United States,883,289
United States,1127,290
United States,1130,282
United States,1138,297
United States,1223,304
United States,963,290
Indonesia,466,142
Indonesia,469,150
Indonesia,1198,135
Indonesia,1199,108
United States,756,294
United States,811,299
United States,842,296
United States,879,297
United States,1154,294
United States,1190,284
Indonesia,585,131
Indonesia,1176,127
Indonesia,1329,98
United States,584,288
United States,601,281
United States,649,311
United States,728,288
United States,807,305
United States,808,290
United States,1118,299
United States,1175,290
United States,1181,290
United States,1205,298
Indonesia,463,135
United States,559,283
United States,625,289
United States,779,297
United States,841,288
United States,964,308
United States,1106,283
United States,1177,294
United States,1209,286
Indonesia,465,141
Indonesia,588,103
United States,609,292
United States,786,299
United States,820,287
United States,846,279
United States,1066,303
United States,1184,286
Indonesia,470,137
Indonesia,587,104
United States,571,304
United States,586,287
United States,602,284
United States,613,287
United States,651,290
United States,798,308
United States,862,298
United States,1198,290
Indonesia,637,87
Indonesia,1318,106
United States,631,287
United States,633,311
United States,961,293
United States,1171,293
Indonesia,641,103
Indonesia,1169,142
United States,591,290
United States,620,298
United States,646,305
United States,802,307
United States,1142,292
Indonesia,474,142
United States,615,287
United States,788,276
United States,969,286
United States,974,289
United States,1068,292
United States,1105,287
United States,1213,287
United States,1220,286
United States,1232,285
Indonesia,467,142
United States,610,295
United States,639,282
United States,859,285
United States,1170,291
United States,1176,286
United States,1192,285
Indonesia,640,99
Indonesia,1201,108
Indonesia,1262,109
United States,585,288
United States,589,290
United States,621,301
United States,622,286
United States,767,299
United States,867,279
Indonesia,1175,147
United States,643,277
United States,1172,280
United States,783,283
United States,1044,293
United States,1201,288
Indonesia,586,108
Indonesia,1170,125
Indonesia,1264,103
Indonesia,1269,127
United States,504,298
United States,555,285
United States,612,297
United States,614,290
United States,647,286
United States,970,286
United States,1140,282
United States,1182,278
United States,1210,273
Indonesia,475,123
United States,653,286
Indonesia,420,131
Indonesia,1211,132
United States,573,297
United States,877,289
United States,1144,275
Indonesia,638,91
United States,569,296
United States,803,288
United States,849,266
United States,935,302
United States,968,274
United States,619,281
United States,1183,282
United States,1228,275
Indonesia,580,114
Indonesia,589,101
United States,560,290
United States,599,294
United States,1227,280
Indonesia,1202,117
United States,583,280
United States,769,286
United States,832,281
United States,1188,286
Indonesia,464,133
Indonesia,471,156
United States,564,284
United States,581,284
United States,596,271
United States,608,283
United States,674,260
United States,1100,277
United States,1218,276
United States,553,290
United States,565,281
United States,637,287
United States,1186,274
Indonesia,472,138
Indonesia,479,133
Indonesia,1259,107
United States,561,274
United States,1224,268
Indonesia,1331,91
United States,582,270
United States,590,285
United States,595,283
United States,606,285
United States,618,280
United States,780,279
United States,1196,290
United States,1199,279
Indonesia,574,100
Indonesia,1152,119
Indonesia,1171,116
United States,1200,294
Indonesia,1172,145
United States,607,275
United States,632,282
United States,873,270
Indonesia,476,144
Indonesia,477,138
Indonesia,1189,115
Indonesia,1270,115
United States,511,282
United States,597,275
Indonesia,1204,112
Indonesia,1317,104
United States,570,264
United States,574,284
United States,1187,279
United States,529,281
United States,532,280
United States,592,284
United States,603,271
United States,880,272
United States,1194,269
United States,1212,279
United States,1233,268
Indonesia,1160,128
Indonesia,1162,125
United States,600,278
United States,1204,282
Indonesia,1174,115
Indonesia,1265,108
United States,594,280
United States,1237,277
Indonesia,1330,85
United States,1193,268
United States,1219,283
Indonesia,584,113
Indonesia,1177,119
United States,535,270
United States,558,268
United States,816,280
United States,550,275
United States,579,274
United States,1203,268
Indonesia,478,143
Indonesia,1182,132
Indonesia,1186,118
United States,519,268
United States,521,268
United States,524,280
United States,547,282
United States,1214,274
United States,1245,260
Indonesia,581,111
Indonesia,573,126
Indonesia,1156,133
Indonesia,1179,126
United States,593,270
United States,605,266
United States,611,278
United States,1202,261
United States,1231,263
United States,1243,250
Indonesia,575,115
United States,501,281
United States,505,269
United States,509,273
United States,513,247
United States,563,272
United States,1229,255
United States,1239,279
United States,1252,256
Indonesia,577,104
Indonesia,1191,105
Indonesia,1194,111
Indonesia,1197,103
Indonesia,1216,116
United States,516,265
United States,539,279
United States,567,271
United States,1241,269
Indonesia,1151,140
United States,518,272
United States,1211,267
United States,1247,253
United States,514,270
United States,546,263
United States,1215,268
United States,1216,255
United States,1230,252
Indonesia,473,111
Indonesia,642,86
Indonesia,1224,103
United States,1173,251
United States,1222,258
Indonesia,555,115
Indonesia,1168,118
Indonesia,1173,95
Indonesia,1180,118
Indonesia,1316,99
United States,506,253
United States,520,259
United States,551,271
United States,1169,252
United States,1207,255
Indonesia,579,104
Indonesia,644,75
Indonesia,1187,102
Indonesia,1190,119
Indonesia,1218,117
United States,566,264
Indonesia,419,138
Indonesia,1157,103
Indonesia,1167,131
Indonesia,1213,124
United States,483,263
United States,528,269
United States,548,265
United States,556,262
United States,815,261
United States,1226,258
Indonesia,578,107
Indonesia,1141,113
Indonesia,1185,106
Indonesia,1195,120
Indonesia,1272,100
United States,510,256
United States,540,247
United States,557,266
United States,562,253
United States,1217,273
United States,1221,251
Indonesia,1159,127
Indonesia,1268,109
United States,554,247
United States,1250,272
United States,1264,260
United States,470,264
United States,542,260
United States,1238,266
Indonesia,1208,128
Indonesia,1220,102
Indonesia,1290,109
United States,475,265
United States,530,257
United States,534,271
United States,1251,257
United States,1265,254
Indonesia,569,98
Indonesia,1140,116
Indonesia,1193,106
Indonesia,1203,103
Indonesia,1205,115
Indonesia,1210,129
Indonesia,1315,100
United States,498,248
United States,502,255
United States,1195,264
United States,1242,255
Indonesia,1209,115
Indonesia,1212,107
Indonesia,1222,102
Indonesia,1334,80
United States,497,265
United States,522,252
Indonesia,647,95
Indonesia,1154,110
Indonesia,1196,100
Indonesia,1273,104
United States,531,269
Indonesia,1192,103
Indonesia,1335,118
United States,482,267
United States,538,258
Indonesia,556,114
United States,572,244
United States,1225,251
Indonesia,583,96
United States,503,267
United States,512,260
Indonesia,572,101
Indonesia,576,103
Indonesia,1165,85
United States,489,256
United States,552,259
United States,1235,256
United States,1266,255
Indonesia,1206,103
Indonesia,1221,105
United States,461,257
United States,527,248
United States,1208,246
Indonesia,643,89
Indonesia,1142,109
Indonesia,1147,123
Indonesia,1149,117
Indonesia,1258,105
United States,568,259
Indonesia,1150,115
Indonesia,1158,125
Indonesia,1161,109
Indonesia,1246,107
Indonesia,1266,102
United States,463,244
United States,545,242
Indonesia,1275,86
United States,484,251
United States,517,243
United States,544,257
United States,1261,248
Indonesia,544,133
Indonesia,1250,105
Indonesia,1271,102
United States,468,253
United States,478,252
United States,481,258
United States,526,255
United States,1244,243
United States,1267,236
Indonesia,480,104
Indonesia,568,113
Indonesia,570,102
Indonesia,1148,115
Indonesia,1155,93
Indonesia,1256,105
Indonesia,1310,105
United States,472,252
United States,493,260
United States,598,251
United States,1234,249
Indonesia,1267,89
United States,499,252
United States,508,264
United States,543,243
Indonesia,1137,114
Indonesia,1166,102
Indonesia,1184,101
Indonesia,1232,100
Indonesia,1242,101
Indonesia,1333,90
United States,491,250
United States,1263,245
Indonesia,554,113
Indonesia,1178,101
Indonesia,1236,117
United States,485,238
United States,1284,258
Indonesia,582,103
Indonesia,1332,76
United States,1248,225
United States,1253,233
Indonesia,1188,96
Indonesia,1207,108
Indonesia,1217,103
Indonesia,1219,100
United States,488,255
United States,533,250
United States,1270,244
United States,1283,232
Indonesia,1223,93
Indonesia,1252,100
United States,549,240
United States,1255,251
Indonesia,1314,88
United States,1246,233
Brazil,1052,218
Indonesia,565,97
Indonesia,567,118
Indonesia,1225,95
Indonesia,1247,96
Indonesia,1313,110
United States,474,248
United States,477,257
United States,500,252
United States,507,245
United States,1295,238
Indonesia,649,88
Indonesia,1146,103
Indonesia,1181,100
Indonesia,1183,103
Indonesia,1233,98
Indonesia,1237,110
United States,515,240
United States,1249,226
Indonesia,1163,108
Indonesia,1238,88
United States,460,250
United States,1236,234
Indonesia,1129,110
Indonesia,1312,90
Indonesia,493,102
Indonesia,509,129
Indonesia,646,69
Indonesia,1139,101
Indonesia,1302,111
Indonesia,1311,120
United States,479,230
United States,486,247
United States,494,250
Indonesia,571,95
Indonesia,648,81
Indonesia,1249,107
Indonesia,1291,90
Indonesia,1303,103
United States,465,244
United States,480,241
United States,1254,235
Indonesia,481,117
Indonesia,557,108
Indonesia,1107,117
Indonesia,1136,106
Indonesia,1304,110
United States,1258,245
United States,1260,248
United States,1268,238
United States,1273,235
United States,1278,221
Brazil,1053,221
Indonesia,558,117
Indonesia,559,120
Indonesia,1339,89
United States,464,238
United States,1240,236
Indonesia,645,63
Indonesia,1121,107
Indonesia,1226,107
Indonesia,1229,95
Indonesia,1243,115
Indonesia,1257,92
Indonesia,1280,91
Indonesia,1282,96
United States,467,240
United States,523,232
United States,537,229
United States,1276,239
Brazil,1102,236
Indonesia,566,109
Indonesia,1153,107
Indonesia,1231,95
Indonesia,1255,104
Indonesia,1274,96
United States,525,230
Brazil,1037,213
Brazil,1050,212
Indonesia,484,121
Indonesia,548,106
Indonesia,553,93
Indonesia,1144,103
United States,466,255
Indonesia,547,98
Indonesia,1127,123
United States,487,231
United States,490,234
United States,1262,220
United States,1281,237
United States,1289,250
Brazil,1059,216
Indonesia,1227,103
Indonesia,1244,102
Indonesia,1338,98
United States,1277,230
Indonesia,492,101
Indonesia,495,127
Indonesia,1228,96
Indonesia,1279,101
United States,1269,220
Indonesia,514,113
Indonesia,564,88
Indonesia,651,83
Indonesia,1145,112
Indonesia,1253,111
Indonesia,1286,100
United States,459,241
United States,473,230
United States,496,242
United States,536,228
United States,541,232
United States,1305,238
Indonesia,503,122
Indonesia,563,100
Indonesia,650,84
Indonesia,1138,106
Indonesia,1214,100
Indonesia,1245,108
Indonesia,1276,88
United States,1296,227
Indonesia,546,114
Indonesia,552,111
Indonesia,1117,106
United States,437,234
Brazil,1091,226
Indonesia,418,125
Indonesia,515,106
Indonesia,1111,108
Indonesia,1123,107
Indonesia,1164,116
Indonesia,1277,86
Indonesia,1336,84
Indonesia,1341,98
United States,462,221
United States,471,238
United States,1256,218
United States,1272,228
Brazil,1041,207
Indonesia,482,113
Indonesia,560,99
Indonesia,1135,108
United States,1282,233
Brazil,1043,207
Indonesia,1235,100
Indonesia,1288,87
United States,1294,216
Brazil,1045,213
Indonesia,545,120
Indonesia,1103,115
Indonesia,1340,90
Brazil,1088,204
Indonesia,1020,95
Indonesia,1106,123
Indonesia,1130,93
Indonesia,1306,89
Indonesia,1350,81
United States,1257,217
United States,1279,230
Brazil,1040,197
Indonesia,550,104
Indonesia,1021,109
Indonesia,1278,82
Indonesia,1284,108
Indonesia,1287,103
United States,1291,225
United States,1292,219
Indonesia,499,116
Indonesia,561,110
Indonesia,1128,90
Indonesia,1143,94
Indonesia,1230,75
Indonesia,1239,113
Brazil,1034,195
Brazil,1068,200
Indonesia,508,112
Indonesia,1114,108
Indonesia,1248,99
United States,414,234
United States,449,226
United States,495,226
United States,1280,222
United States,1307,229
Brazil,1046,201
Brazil,1048,197
Indonesia,494,89
Indonesia,562,80
Indonesia,656,94
Indonesia,1215,110
Brazil,1104,214
Indonesia,483,111
Indonesia,549,106
Indonesia,1281,91
Indonesia,1295,89
United States,1274,228
Brazil,879,213
Brazil,1026,209
Brazil,1038,203
Brazil,1039,211
Brazil,1082,211
Indonesia,510,112
Indonesia,1118,106
Indonesia,1122,100
Indonesia,1296,94
Indonesia,1301,94
Indonesia,1346,91
United States,447,214
United States,457,234
United States,476,222
United States,1290,216
Brazil,1047,206
Brazil,1057,206
Indonesia,496,120
Indonesia,540,108
Indonesia,1101,136
Indonesia,1297,99
Indonesia,1308,92
Indonesia,1309,104
United States,436,226
United States,492,226
Brazil,1058,202
Brazil,1066,189
Indonesia,1132,97
Indonesia,1285,91
Indonesia,1289,90
United States,429,224
United States,1275,229
Brazil,1027,200
Indonesia,485,111
Indonesia,490,108
Indonesia,660,63
Indonesia,1234,85
Indonesia,1254,105
United States,425,224
United States,456,228
United States,1286,229
Brazil,1032,206
Indonesia,1124,79
Indonesia,1294,90
United States,1306,214
Brazil,1049,191
Brazil,1122,206
Indonesia,501,104
Indonesia,551,86
Indonesia,1307,91
United States,1308,208
Brazil,898,214
Indonesia,507,109
Indonesia,654,77
Indonesia,1119,99
Indonesia,1251,84
Indonesia,1293,97
United States,440,226
United States,469,230
United States,1285,211
United States,1293,215
Brazil,1024,195
Brazil,1054,193
Brazil,1055,206
Brazil,1067,193
Brazil,1089,188
Indonesia,489,96
Indonesia,653,68
Indonesia,1116,93
Indonesia,1342,102
Indonesia,1349,89
United States,441,218
United States,1271,220
Brazil,1029,205
Brazil,1030,194
Brazil,1044,201
Brazil,1063,183
Brazil,1073,197
Brazil,1106,205
Indonesia,1298,99
United States,420,224
United States,424,220
United States,431,230
Brazil,1064,200
Brazil,1071,196
Brazil,1105,199
Brazil,1115,187
Indonesia,504,94
Indonesia,1089,105
Indonesia,1112,100
Indonesia,1131,109
Indonesia,1283,75
Indonesia,1337,71
United States,446,219
United States,453,202
Brazil,1084,191
Brazil,1087,200
Indonesia,500,114
Indonesia,1115,104
United States,1288,211
United States,1312,199
Indonesia,491,123
Indonesia,512,107
Indonesia,1080,100
Indonesia,1090,105
Indonesia,1120,84
Indonesia,1240,87
United States,1311,216
Brazil,1069,199
Indonesia,488,102
Indonesia,543,110
Indonesia,1082,104
Indonesia,1088,101
Indonesia,1292,93
United States,444,217
Brazil,1062,198
Brazil,1070,204
Indonesia,511,99
Indonesia,1052,95
Indonesia,1077,97
Indonesia,1102,106
Indonesia,1108,103
Indonesia,1113,101
Indonesia,1126,91
United States,430,212
United States,1299,198
Brazil,1060,186
Brazil,1076,194
Indonesia,655,70
Indonesia,966,85
Indonesia,1109,99
Indonesia,1343,112
United States,1287,203
Brazil,875,214
Brazil,1028,184
Indonesia,652,79
Indonesia,1344,83
Indonesia,1345,95
United States,451,211
United States,1259,205
United States,1301,206
Brazil,1090,195
Indonesia,1015,107
Indonesia,1133,99
Indonesia,1380,114
United States,439,215
United States,1297,200
Brazil,1056,187
Indonesia,541,101
Indonesia,542,115
Indonesia,1125,99
Indonesia,1305,88
United States,422,202
United States,1302,213
United States,1304,209
Brazil,1022,193
Brazil,1025,188
Brazil,1065,194
Brazil,1080,184
Brazil,1103,191
Brazil,1108,191
Brazil,1119,192
Indonesia,505,97
Indonesia,1300,95
United States,418,214
United States,432,210
United States,438,210
United States,452,211
Brazil,1072,200
Brazil,1075,191
Brazil,1098,195
United States,416,216
United States,435,202
United States,450,205
Brazil,1036,188
Brazil,1097,204
Brazil,1118,200
Indonesia,498,96
Indonesia,517,101
Indonesia,962,91
Indonesia,1092,98
Indonesia,1348,96
United States,412,203
United States,426,206
United States,428,203
United States,445,199
Brazil,1074,187
Brazil,1111,196
Indonesia,657,65
United States,1327,204
Brazil,1051,180
Brazil,1092,197
Brazil,1120,195
Indonesia,1019,78
Indonesia,1060,105
Indonesia,1105,96
United States,433,210
United States,455,212
United States,1313,202
United States,1314,202
Brazil,1033,184
Brazil,1035,186
Brazil,1114,194
Indonesia,1096,94
Indonesia,1098,98
Indonesia,1104,90
Indonesia,1347,80
Indonesia,1362,102
United States,442,203
Brazil,1023,177
Brazil,1109,191
Indonesia,497,92
Indonesia,950,100
Indonesia,963,77
Indonesia,1083,102
Indonesia,1099,98
Indonesia,1110,79
United States,411,205
United States,443,209
United States,1323,206
Indonesia,487,88
Indonesia,1081,88
Indonesia,1100,93
United States,1310,189
Brazil,1031,183
Indonesia,1005,94
Indonesia,1084,84
United States,454,202
Brazil,1095,183
Indonesia,486,101
Indonesia,502,106
Indonesia,506,106
Indonesia,1094,89
Indonesia,1095,94
United States,415,190
United States,458,196
United States,1318,193
Brazil,1078,181
Brazil,1124,185
Indonesia,513,106
Indonesia,518,98
Indonesia,1059,100
Indonesia,1134,85
United States,390,205
United States,1321,209
United States,1328,185
Brazil,1042,180
Brazil,1086,189
Indonesia,960,85
Indonesia,973,77
Indonesia,1002,79
Indonesia,1016,104
Brazil,899,199
Brazil,1083,175
Brazil,1100,172
Brazil,1110,172
Brazil,1112,177
Indonesia,533,105
Indonesia,1012,80
Indonesia,1051,79
Brazil,901,191
Brazil,913,194
Brazil,1021,184
Brazil,1079,190
Brazil,1081,187
Brazil,1107,159
Indonesia,531,97
Indonesia,951,78
Indonesia,985,90
Indonesia,1023,79
Indonesia,1299,87
United States,1298,195
United States,1309,192
Brazil,877,175
Brazil,981,186
Indonesia,532,114
Indonesia,534,101
Indonesia,1022,76
Indonesia,1055,94
Indonesia,1062,92
Indonesia,1351,83
United States,1329,195
Brazil,1094,171
Indonesia,1027,74
Indonesia,1054,95
Indonesia,1069,84
Indonesia,1086,97
Indonesia,1093,89
Indonesia,1352,78
Indonesia,1364,96
Indonesia,1365,86
United States,409,200
Brazil,1093,178
Brazil,1128,176
Indonesia,417,117
Indonesia,1018,84
Indonesia,1353,78
Indonesia,1360,79
United States,388,198
United States,423,194
United States,448,191
United States,1316,189
United States,1322,193
Brazil,1010,181
Brazil,1018,183
Brazil,1020,193
Brazil,1113,174
Brazil,1116,169
Indonesia,522,100
Indonesia,971,89
Indonesia,1079,90
Indonesia,1241,94
United States,400,202
United States,413,208
United States,434,194
United States,1319,188
United States,1326,176
Brazil,876,189
Indonesia,1046,77
United States,417,195
Brazil,916,171
Indonesia,516,95
Indonesia,520,94
Indonesia,661,73
Indonesia,958,83
United States,410,193
United States,1315,196
Brazil,579,179
Brazil,1015,178
Brazil,1123,175
Brazil,1125,167
Indonesia,527,96
Indonesia,528,99
Indonesia,530,88
Indonesia,537,93
Indonesia,658,64
Indonesia,662,64
Indonesia,970,77
Indonesia,988,79
Indonesia,990,82
Indonesia,992,83
Indonesia,996,103
Indonesia,1006,63
Indonesia,1028,83
Indonesia,1057,77
Indonesia,1061,80
Indonesia,1087,100
United States,419,198
United States,1324,186
Indonesia,1014,72
United States,1332,188
Brazil,915,184
Brazil,1009,177
Brazil,1013,175
Brazil,1016,166
Indonesia,519,96
Indonesia,1003,86
Indonesia,1024,81
Indonesia,1067,90
Indonesia,1097,91
Indonesia,1372,79
Indonesia,1379,86
United States,404,191
United States,427,196
Brazil,612,191
Brazil,882,187
Brazil,900,188
Brazil,1061,167
Indonesia,536,99
Indonesia,961,69
Indonesia,991,76
Indonesia,1048,73
Indonesia,1049,79
Indonesia,1074,94
Indonesia,1091,87
Indonesia,1367,89
Indonesia,1391,84
United States,1333,183
Brazil,1101,174
Indonesia,525,104
Indonesia,535,101
Indonesia,1036,98
Indonesia,1056,75
United States,421,196
United States,1330,188
United States,1343,186
Brazil,621,184
Brazil,883,182
Indonesia,982,90
Indonesia,983,76
Indonesia,1068,87
Indonesia,1078,86
Indonesia,1354,82
Indonesia,1366,80
United States,1303,183
Brazil,566,182
Brazil,878,175
Brazil,884,186
Brazil,957,174
Indonesia,993,80
Indonesia,1053,86
Indonesia,1363,66
Indonesia,1375,97
United States,391,180
Brazil,1099,165
Indonesia,948,90
Indonesia,949,74
Indonesia,989,96
Indonesia,994,80
Indonesia,1017,75
Indonesia,1047,81
Brazil,888,168
Brazil,912,170
Brazil,1077,176
Indonesia,995,80
United States,378,180
United States,403,188
United States,1300,186
Brazil,523,175
Brazil,886,186
Brazil,911,180
Brazil,918,182
Brazil,991,169
Brazil,1085,170
Indonesia,529,79
Indonesia,969,80
Indonesia,976,68
Indonesia,998,84
Indonesia,1040,94
Indonesia,1050,77
Indonesia,1355,73
Indonesia,1378,76
United States,1348,178
Brazil,574,173
Brazil,592,177
Brazil,905,188
Brazil,960,172
Brazil,1133,179
Indonesia,979,72
Indonesia,1001,79
Indonesia,1034,89
Indonesia,1038,88
Indonesia,1066,89
United States,405,179
United States,1317,177
Brazil,571,173
Brazil,885,168
Brazil,931,176
Brazil,1019,160
Indonesia,972,74
Indonesia,1370,87
Indonesia,1374,79
United States,392,178
United States,407,185
Brazil,551,169
Brazil,967,178
Brazil,1096,164
Indonesia,967,95
Indonesia,1004,76
Indonesia,1025,65
Indonesia,1045,79
United States,1320,183
United States,1338,185
United States,1346,181
Brazil,1012,178
Brazil,1134,153
Indonesia,975,71
Indonesia,1037,90
Indonesia,1392,83
United States,374,180
Brazil,880,165
Brazil,908,175
Indonesia,523,76
Indonesia,965,83
Indonesia,984,71
Indonesia,1064,87
Indonesia,1076,90
Indonesia,1398,88
United States,394,192
United States,401,169
Brazil,552,159
Brazil,575,176
Brazil,902,170
Brazil,917,165
Brazil,958,174
Brazil,1002,174
Indonesia,524,94
Indonesia,964,64
Indonesia,987,83
Indonesia,1029,64
Indonesia,1373,83
Indonesia,1377,75
United States,1335,174
United States,1344,169
Brazil,564,173
Brazil,625,172
Brazil,907,171
Brazil,993,171
Brazil,1014,172
Indonesia,956,63
Indonesia,959,76
Indonesia,968,71
Indonesia,1044,75
Indonesia,1065,84
Indonesia,1356,76
Indonesia,1381,80
Indonesia,1395,82
United States,1325,174
Brazil,1017,169
Indonesia,953,71
Indonesia,978,79
Indonesia,1011,84
Indonesia,1026,86
Indonesia,1063,73
Indonesia,1070,91
Indonesia,1361,79
Indonesia,1376,71
Indonesia,1406,103
Indonesia,1407,87
United States,387,187
United States,395,175
United States,1337,180
United States,1361,182
Brazil,582,177
Brazil,623,162
Brazil,924,161
Indonesia,1031,61
United States,383,176
Brazil,925,175
Brazil,932,167
Brazil,964,173
Brazil,974,170
Indonesia,659,55
Indonesia,952,61
Indonesia,1000,75
Indonesia,1071,80
Indonesia,1359,75
United States,382,168
Brazil,539,172
Brazil,591,167
Brazil,602,162
Brazil,921,170
Brazil,1117,159
Indonesia,539,92
Indonesia,974,68
Indonesia,980,71
Indonesia,1013,76
United States,399,172
Brazil,597,162
Brazil,665,168
Brazil,970,162
Indonesia,941,72
Indonesia,1072,81
Indonesia,1085,81
Indonesia,1388,80
United States,385,182
United States,1334,176
United States,1358,179
Brazil,568,168
Brazil,583,160
Brazil,664,169
Brazil,946,166
Indonesia,521,79
Indonesia,1009,60
Indonesia,1010,74
Indonesia,1030,74
Indonesia,1358,68
Indonesia,1429,92
United States,1352,175
United States,1360,173
Brazil,694,167
Brazil,973,173
Brazil,998,170
Brazil,1008,160
Brazil,1011,166
Indonesia,942,86
Indonesia,977,80
Indonesia,981,78
Indonesia,1032,76
United States,408,181
United States,1331,170
United States,1336,175
United States,1340,168
Brazil,524,169
Brazil,588,153
Brazil,881,178
Brazil,887,164
Brazil,903,160
Brazil,963,158
Brazil,1132,153
Indonesia,1073,72
Indonesia,1357,75
Indonesia,1399,93
United States,1339,162
United States,1347,171
United States,1353,171
United States,1356,177
Brazil,516,164
Brazil,587,173
Brazil,608,164
Brazil,710,165
Brazil,889,172
Brazil,910,165
Brazil,945,152
Brazil,969,154
Brazil,1007,167
Indonesia,526,88
Indonesia,986,65
Indonesia,1058,84
Indonesia,1389,75
United States,377,169
Brazil,518,157
Brazil,521,173
Brazil,525,157
Brazil,545,170
Brazil,562,170
Brazil,593,149
Brazil,939,153
Brazil,997,173
Brazil,1005,168
Indonesia,1035,78
Indonesia,1042,81
Indonesia,1382,88
Indonesia,1383,82
Indonesia,1384,84
Indonesia,1396,77
Indonesia,1426,85
Brazil,519,158
Brazil,522,164
Brazil,586,159
Brazil,600,156
Brazil,609,157
Brazil,630,168
Brazil,874,183
Brazil,933,150
Brazil,940,153
Indonesia,938,70
Indonesia,1075,80
United States,1342,174
Brazil,546,163
Brazil,565,169
Brazil,573,160
Brazil,576,160
Brazil,589,169
Brazil,920,160
Brazil,959,150
Brazil,972,148
Brazil,982,154
Brazil,1129,150
Indonesia,538,81
Indonesia,1033,80
United States,364,176
United States,372,168
United States,398,155
United States,1349,158
United States,1357,162
Brazil,514,158
Brazil,563,158
Brazil,603,149
Brazil,648,162
Brazil,651,154
Brazil,914,155
Brazil,968,150
Indonesia,1386,95
Indonesia,1390,79
Indonesia,1422,84
Brazil,499,167
Brazil,570,157
Brazil,577,151
Brazil,578,158
Brazil,594,154
Brazil,897,157
Brazil,999,160
Brazil,1130,137
United States,393,173
United States,402,173
United States,1359,165
United States,1365,166
Brazil,511,162
Brazil,595,160
Brazil,596,155
Brazil,628,159
Brazil,943,156
Brazil,948,163
Brazil,949,159
Brazil,950,154
Brazil,985,159
Brazil,987,158
Brazil,1127,155
Indonesia,1007,78
Indonesia,1405,79
Indonesia,1439,92
United States,376,161
United States,380,174
Brazil,526,160
Brazil,550,149
Brazil,567,144
Brazil,930,159
Brazil,986,155
Brazil,1126,151
Brazil,1135,146
Indonesia,934,77
Indonesia,954,73
Indonesia,1008,63
Indonesia,1371,74
United States,373,170
Brazil,561,150
Brazil,585,154
Brazil,590,160
Brazil,624,155
Brazil,894,161
Brazil,935,151
Brazil,1121,150
Indonesia,955,75
Indonesia,1043,75
United States,1366,153
Brazil,498,153
Brazil,549,151
Brazil,557,165
Brazil,572,147
Brazil,584,152
Brazil,601,165
Brazil,833,166
Brazil,919,148
Brazil,928,151
Indonesia,933,74
Indonesia,999,82
Indonesia,1394,88
Indonesia,1401,77
Brazil,489,155
Brazil,527,143
Brazil,544,158
Brazil,904,149
Brazil,956,155
Brazil,978,161
Brazil,1001,150
Indonesia,664,56
Indonesia,1397,75
United States,1367,169
Brazil,478,161
Brazil,513,143
Brazil,540,145
Brazil,604,163
Brazil,649,161
Brazil,867,152
Brazil,927,147
Brazil,989,152
Brazil,994,144
Brazil,1131,166
Indonesia,935,64
Indonesia,997,65
Indonesia,1414,93
United States,375,161
United States,379,160
United States,386,167
United States,389,155
United States,1379,156
Brazil,464,158
Brazil,548,144
Brazil,558,151
Brazil,610,153
Brazil,611,150
Brazil,627,159
Brazil,891,139
Brazil,923,141
Brazil,977,153
Indonesia,671,76
Indonesia,936,73
Indonesia,946,69
Indonesia,957,68
Indonesia,1041,65
Indonesia,1368,66
United States,367,170
United States,396,155
Brazil,487,154
Brazil,503,160
Brazil,629,154
Brazil,944,155
Indonesia,939,78
Indonesia,1408,85
United States,1354,156
Brazil,474,147
Brazil,510,140
Brazil,599,151
Brazil,661,143
Brazil,896,151
Brazil,926,148
Brazil,961,140
Brazil,1143,144
Indonesia,940,67
Indonesia,945,72
Indonesia,1039,71
Indonesia,1410,84
United States,371,165
United States,1345,156
United States,1386,153
Brazil,536,160
Brazil,580,148
Brazil,620,152
Brazil,622,147
Brazil,642,152
Brazil,966,160
Brazil,980,155
Brazil,983,145
Brazil,1003,147
Indonesia,366,69
United States,1341,167
Brazil,479,146
Brazil,488,138
Brazil,517,139
Brazil,605,141
Brazil,660,148
Brazil,909,154
Brazil,922,140
Brazil,934,138
Brazil,941,142
Brazil,971,140
Brazil,990,154
Brazil,1000,149
Indonesia,365,78
Indonesia,1432,66
United States,406,158
Brazil,509,149
Brazil,538,152
Brazil,617,146
Brazil,708,155
Indonesia,1387,88
Indonesia,1393,68
United States,368,158
United States,381,166
United States,1350,151
Brazil,508,147
Brazil,537,141
Brazil,560,160
Brazil,641,154
Brazil,650,145
Brazil,962,143
Indonesia,663,65
United States,366,148
Brazil,450,151
Brazil,476,146
Brazil,520,133
Brazil,529,145
Brazil,607,157
Brazil,616,138
Brazil,637,137
Brazil,640,144
Brazil,666,147
Brazil,938,147
Brazil,992,143
Brazil,1146,137
Indonesia,1404,75
Indonesia,1413,73
Indonesia,1433,60
Indonesia,1435,71
United States,370,156
Brazil,504,142
Brazil,541,149
Brazil,667,149
Brazil,670,150
Indonesia,364,95
Indonesia,672,70
Indonesia,1400,77
Indonesia,1403,76
Indonesia,1409,60
Indonesia,1436,78
Brazil,432,145
Brazil,436,150
Brazil,507,154
Brazil,659,154
Brazil,707,146
Indonesia,937,68
Indonesia,1427,64
Indonesia,1438,70
Brazil,505,141
Brazil,569,143
Brazil,639,147
Brazil,677,145
Brazil,871,146
Brazil,890,140
Brazil,936,143
Brazil,965,139
Brazil,988,148
Brazil,996,138
Brazil,1004,135
Brazil,1144,142
Indonesia,326,79
United States,397,154
United States,1362,145
Brazil,466,139
Brazil,556,144
Brazil,634,157
Brazil,636,143
Brazil,752,137
Brazil,895,144
Brazil,995,142
Indonesia,1369,73
Indonesia,1431,72
Brazil,501,150
Brazil,581,145
Brazil,671,134
Brazil,714,149
Brazil,716,161
Brazil,723,143
Brazil,838,147
Brazil,893,146
Brazil,1159,140
Indonesia,932,64
United States,1384,155
United States,1385,141
Brazil,451,141
Brazil,472,143
Brazil,486,150
Brazil,535,138
Brazil,542,133
Brazil,662,140
Brazil,953,133
Indonesia,666,58
Indonesia,674,63
Indonesia,1430,72
United States,1351,137
United States,1370,141
Brazil,446,154
Brazil,492,146
Brazil,496,153
Brazil,615,145
Brazil,681,146
Brazil,700,141
Brazil,786,136
Brazil,937,151
Brazil,1140,140
Brazil,1145,141
Indonesia,931,75
Indonesia,1385,61
United States,1373,149
Brazil,435,145
Brazil,497,148
Brazil,502,129
Brazil,515,140
Brazil,713,136
Brazil,861,140
Indonesia,325,73
Indonesia,670,64
Indonesia,677,73
Indonesia,1420,80
Indonesia,1425,63
Indonesia,1428,78
United States,1364,151
Brazil,437,145
Brazil,482,151
Brazil,528,136
Brazil,543,130
Brazil,619,144
Brazil,706,144
Brazil,870,149
Brazil,872,136
Brazil,892,143
Brazil,1006,140
Indonesia,1411,75
United States,1369,143
Brazil,465,138
Brazil,490,143
Brazil,512,136
Brazil,530,137
Brazil,532,144
Brazil,646,146
Brazil,693,140
Brazil,701,131
Brazil,830,146
Indonesia,943,55
United States,1363,155
United States,1378,151
Brazil,467,137
Brazil,534,134
Brazil,547,139
Brazil,559,147
Brazil,613,132
Brazil,614,129
Brazil,669,139
Brazil,951,136
Indonesia,665,61
Indonesia,669,61
United States,351,148
Brazil,531,146
Brazil,626,139
Brazil,638,139
Brazil,1139,149
Brazil,1174,147
Indonesia,367,47
Indonesia,368,54
Indonesia,947,70
Indonesia,1417,65
United States,1355,142
Brazil,453,137
Brazil,493,127
Brazil,500,132
Brazil,647,134
Brazil,657,156
Brazil,824,144
Brazil,929,132
Brazil,952,141
Brazil,955,131
Brazil,1142,140
Indonesia,1416,78
Indonesia,1419,75
Mexico,1201,133
United States,357,141
United States,361,138
United States,365,157
Brazil,459,139
Brazil,468,137
Brazil,473,143
Brazil,494,126
Brazil,553,134
Brazil,618,141
Brazil,631,128
Brazil,653,142
Brazil,975,136
Brazil,1166,143
Indonesia,944,72
United States,1371,152
United States,1395,150
United States,1396,142
Brazil,407,137
Brazil,606,140
Brazil,852,139
Brazil,1137,125
United States,1368,134
United States,1377,153
United States,1397,133
Brazil,410,142
Brazil,442,136
Brazil,445,128
Brazil,470,133
Brazil,475,134
Brazil,644,128
Brazil,663,128
Brazil,698,126
Brazil,709,133
Brazil,809,141
Brazil,818,137
Brazil,834,134
Brazil,840,132
Brazil,1151,130
Brazil,1155,138
Brazil,1157,136
Indonesia,370,47
United States,369,137
United States,1372,145
Brazil,452,134
Brazil,471,134
Brazil,668,133
Brazil,691,124
Brazil,692,130
Brazil,712,125
Brazil,727,141
Brazil,730,146
Brazil,764,138
Brazil,787,141
Brazil,845,139
Brazil,979,134
Brazil,1141,128
Indonesia,327,68
Indonesia,673,47
United States,360,130
United States,363,148
United States,384,146
United States,1389,136
Brazil,448,147
Brazil,483,129
Brazil,554,123
Brazil,598,136
Brazil,635,134
Brazil,685,128
Brazil,702,132
Brazil,772,127
Brazil,802,154
Brazil,869,136
Brazil,942,132
Brazil,954,137
Indonesia,369,51
Indonesia,1402,60
Indonesia,1415,68
Indonesia,1434,70
Mexico,1199,135
Brazil,495,133
Brazil,654,140
Brazil,686,127
Brazil,724,134
Brazil,735,125
Brazil,749,130
Brazil,755,138
Brazil,773,127
Brazil,906,133
Brazil,976,125
Brazil,1136,127
Indonesia,1421,88
Indonesia,1423,66
United States,348,145
United States,1380,143
Brazil,404,137
Brazil,705,133
Brazil,740,131
Brazil,745,131
Brazil,766,136
Brazil,781,135
Brazil,788,125
Brazil,1150,131
Brazil,1189,132
Indonesia,383,50
Indonesia,681,62
Indonesia,1412,66
Brazil,429,139
Brazil,643,137
Brazil,758,134
Brazil,768,133
Brazil,775,134
Brazil,856,125
Brazil,865,126
Brazil,1138,132
Brazil,1152,133
Indonesia,323,78
Mexico,712,130
United States,1388,130
Brazil,462,136
Brazil,533,128
Brazil,652,127
Brazil,828,132
Brazil,837,140
Brazil,851,135
Indonesia,373,49
Indonesia,679,54
United States,358,144
United States,1374,137
Brazil,461,138
Brazil,711,120
Brazil,769,131
Brazil,779,132
Brazil,849,129
Indonesia,667,54
Indonesia,1424,68
Brazil,460,124
Brazil,480,145
Brazil,555,128
Brazil,658,141
Brazil,680,121
Brazil,703,126
Brazil,731,132
Brazil,733,140
Brazil,760,133
Brazil,839,120
Brazil,1164,135
Indonesia,331,66
Indonesia,371,43
Indonesia,376,48
Indonesia,1437,74
Mexico,1175,134
United States,1376,130
Brazil,457,126
Brazil,655,125
Brazil,690,118
Brazil,704,131
Brazil,722,136
Brazil,741,142
Brazil,744,125
Brazil,753,121
Brazil,823,134
Brazil,853,119
Brazil,1147,127
Brazil,1175,111
Indonesia,922,72
Indonesia,927,63
Mexico,898,136
United States,350,137
United States,356,136
United States,1383,141
United States,1402,132
Brazil,454,132
Brazil,456,130
Brazil,684,120
Brazil,687,132
Brazil,732,127
Brazil,819,135
Brazil,868,127
Indonesia,324,72
Indonesia,375,53
Indonesia,668,53
United States,1408,141
Brazil,406,126
Brazil,414,131
Brazil,427,129
Brazil,439,119
Brazil,463,126
Brazil,689,124
Brazil,750,124
Brazil,832,131
Brazil,841,125
Brazil,1149,131
Brazil,1153,120
Brazil,1192,120
Indonesia,377,43
Indonesia,928,63
Mexico,1194,131
United States,333,131
United States,1382,139
Brazil,408,128
Brazil,417,122
Brazil,477,123
Brazil,485,117
Brazil,491,122
Brazil,696,114
Brazil,719,128
Brazil,765,129
Brazil,795,128
Brazil,835,131
Brazil,847,125
Brazil,1169,123
Brazil,1172,122
Brazil,1181,119
Brazil,1190,123
Mexico,1256,132
United States,339,134
United States,341,120
United States,346,131
United States,347,129
Brazil,396,125
Brazil,425,117
Brazil,440,129
Brazil,443,131
Brazil,757,134
Brazil,796,132
Brazil,803,122
Brazil,807,123
Brazil,873,127
Brazil,984,122
Brazil,1148,125
Brazil,1163,130
Brazil,1165,124
Indonesia,334,53
Indonesia,382,56
Indonesia,676,58
Brazil,431,131
Brazil,458,125
Brazil,484,127
Brazil,746,122
Brazil,763,131
Brazil,799,127
Brazil,866,120
Brazil,947,123
Brazil,1171,116
Indonesia,372,44
Indonesia,379,30
Indonesia,675,47
Mexico,1184,125
Mexico,1191,128
United States,362,122
United States,1401,133
Brazil,433,117
Brazil,438,125
Brazil,449,130
Brazil,688,113
Brazil,734,118
Brazil,767,123
Brazil,805,131
Brazil,1156,121
Brazil,1167,123
Indonesia,1418,60
Mexico,932,121
Mexico,1196,125
Mexico,1202,124
Mexico,1250,130
United States,354,126
Brazil,389,121
Brazil,415,125
Brazil,426,131
Brazil,434,124
Brazil,656,126
Brazil,672,125
Brazil,699,123
Brazil,715,129
Brazil,728,124
Brazil,748,127
Brazil,820,129
Brazil,854,121
Brazil,860,129
Brazil,1179,114
Indonesia,682,52
Brazil,376,125
Brazil,632,122
Brazil,806,130
Brazil,810,119
Brazil,814,123
Brazil,1193,110
Indonesia,678,65
Mexico,1188,124
United States,1419,117
Brazil,424,121
Brazil,673,103
Brazil,738,130
Brazil,742,122
Brazil,794,134
Brazil,797,119
Brazil,844,124
Brazil,862,118
Brazil,1182,122
United States,1416,114
Brazil,444,122
Brazil,682,111
Brazil,697,113
Brazil,736,110
Brazil,761,111
Brazil,848,127
Brazil,858,115
Indonesia,322,84
Indonesia,378,45
Indonesia,929,56
Mexico,1211,136
Mexico,1265,123
United States,328,134
United States,353,130
United States,359,120
United States,1375,132
United States,1381,133
United States,1391,120
United States,1400,131
United States,1406,127
United States,1426,130
Brazil,394,129
Brazil,447,101
Brazil,481,122
Brazil,676,127
Brazil,695,106
Brazil,726,120
Brazil,776,117
Brazil,777,120
Brazil,780,118
Brazil,798,117
Indonesia,388,41
United States,1398,119
Brazil,368,117
Brazil,428,122
Brazil,430,120
Brazil,679,114
Brazil,718,120
Brazil,751,134
Brazil,782,119
Brazil,785,121
Brazil,813,138
Brazil,825,117
Brazil,827,125
Brazil,842,123
Brazil,850,117
Brazil,1173,117
United States,330,131
United States,337,120
United States,343,122
United States,1393,121
United States,1433,130
Brazil,441,123
Brazil,674,121
Brazil,778,119
Brazil,822,114
Brazil,864,119
Brazil,1158,111
Brazil,1177,108
Indonesia,680,66
Mexico,1179,121
Mexico,1251,121
Mexico,1267,116
United States,1392,123
Brazil,350,121
Brazil,455,115
Brazil,469,124
Brazil,739,123
Brazil,771,126
Brazil,804,122
Brazil,863,110
Brazil,1154,112
Brazil,1183,112
Brazil,1195,113
Indonesia,392,41
Mexico,1273,113
Brazil,390,115
Brazil,413,118
Brazil,422,120
Brazil,678,111
Brazil,717,124
Brazil,1161,106
Indonesia,350,58
Indonesia,374,50
Indonesia,390,43
Indonesia,930,52
Mexico,1168,113
Mexico,1203,108
Mexico,1222,119
United States,332,130
United States,340,118
United States,352,119
United States,355,127
United States,1394,122
Brazil,411,117
Brazil,770,120
Brazil,800,118
Brazil,811,116
Brazil,857,112
Brazil,1168,115
Brazil,1170,114
Brazil,1185,110
Indonesia,333,54
Indonesia,341,53
Indonesia,389,51
Indonesia,686,52
Mexico,1195,123
Mexico,1205,113
United States,334,118
United States,345,119
United States,349,124
United States,1390,119
United States,1410,120
United States,1418,130
Brazil,388,120
Brazil,419,115
Brazil,759,118
Brazil,808,110
Indonesia,330,66
Indonesia,385,32
Indonesia,919,62
Indonesia,926,53
Mexico,1173,111
Mexico,1180,120
Mexico,1227,120
Mexico,1291,117
United States,338,120
Brazil,369,117
Brazil,418,115
Brazil,506,106
Brazil,683,111
Brazil,721,108
Brazil,754,113
Brazil,843,107
Brazil,1180,110
Indonesia,416,54
Mexico,1242,117
United States,325,121
Brazil,423,120
Brazil,645,124
Brazil,743,110
Brazil,790,122
Brazil,801,119
Brazil,826,113
Indonesia,328,65
Indonesia,687,48
Indonesia,923,53
Mexico,701,116
Mexico,715,114
Mexico,1221,113
Mexico,1285,117
Mexico,1297,119
United States,1403,117
Brazil,783,117
Brazil,815,119
Brazil,821,117
Brazil,1160,112
Brazil,1176,110
Mexico,716,109
Mexico,1169,116
Mexico,1174,115
Mexico,1177,112
Mexico,1193,115
United States,326,126
United States,331,125
United States,342,118
United States,344,115
United States,1387,113
Brazil,366,117
Mexico,690,114
Mexico,1192,120
Mexico,1262,120
Mexico,1266,119
United States,329,121
United States,1405,116
Brazil,364,121
Brazil,401,113
Brazil,633,120
Brazil,756,107
Brazil,774,110
Brazil,784,115
Brazil,789,113
Brazil,1187,113
Germany,662,112
Mexico,726,120
Mexico,900,111
Mexico,954,117
Mexico,1212,107
Mexico,1255,120
Mexico,1272,119
United States,1411,116
Brazil,395,112
Brazil,397,120
Brazil,729,114
Brazil,747,113
Brazil,762,113
Brazil,792,115
Brazil,831,116
Brazil,836,112
Brazil,1194,117
Indonesia,380,41
Indonesia,386,33
Indonesia,408,66
Indonesia,410,42
Mexico,743,104
Mexico,1163,114
Mexico,1181,108
Mexico,1234,111
United States,1407,116
Brazil,412,107
Brazil,416,105
Brazil,846,119
Brazil,855,110
Brazil,859,111
Brazil,1162,110
Brazil,1188,110
Germany,666,101
Germany,749,95
United Kingdom,809,108
Indonesia,381,43
Indonesia,384,44
Indonesia,409,58
Mexico,666,109
Mexico,711,115
Mexico,741,120
Mexico,945,112
Brazil,378,111
Brazil,386,113
Brazil,403,122
Brazil,405,105
Indonesia,411,36
Mexico,899,111
Mexico,926,110
Mexico,966,102
Mexico,1200,104
Mexico,1223,108
Mexico,1230,114
Mexico,1245,108
Mexico,1252,109
United States,319,111
United States,320,117
United States,1409,105
Brazil,349,116
Brazil,382,110
Brazil,675,103
Brazil,793,102
Indonesia,321,76
Indonesia,336,44
Indonesia,391,30
Indonesia,683,39
Mexico,704,118
Mexico,1185,104
Mexico,1206,111
Mexico,1210,120
Mexico,1239,113
Mexico,1259,117
Mexico,1264,106
Mexico,1274,109
United States,312,119
United States,327,109
United States,1417,105
Brazil,421,106
Brazil,1191,104
Germany,685,105
Indonesia,355,57
Indonesia,920,50
Mexico,941,111
Mexico,946,104
Mexico,1215,105
Mexico,1287,117
Mexico,1288,103
Mexico,1292,112
United States,323,113
United States,1425,116
United States,1432,109
Brazil,381,109
Brazil,400,107
United Kingdom,828,117
Indonesia,335,33
Indonesia,346,50
Indonesia,394,37
Indonesia,684,41
Mexico,657,107
Mexico,658,101
Mexico,705,115
Mexico,1128,109
Mexico,1198,119
Mexico,1248,109
Mexico,1249,107
Mexico,1268,107
Mexico,1275,101
Mexico,1290,115
United States,1404,109
Brazil,737,107
Brazil,829,106
Brazil,1186,116
Germany,730,94
United Kingdom,780,108
Indonesia,344,51
Indonesia,351,45
Indonesia,921,48
Indonesia,925,40
Mexico,683,87
Mexico,685,103
Mexico,708,120
Mexico,709,110
Mexico,727,103
Mexico,908,106
Mexico,920,108
Mexico,928,107
Mexico,940,109
Mexico,1171,111
Mexico,1186,112
Mexico,1204,111
Mexico,1213,102
Mexico,1240,116
United States,1427,109
United States,1434,117
Brazil,377,99
Brazil,392,103
Brazil,1178,95
Brazil,1197,111
Brazil,1204,103
Germany,654,98
Germany,767,100
Indonesia,348,44
Mexico,694,101
Mexico,902,107
Mexico,910,105
Mexico,935,97
Mexico,939,105
Mexico,1116,112
Mexico,1197,102
Mexico,1208,114
United States,317,112
United States,322,111
United States,1421,107
United States,1429,105
Brazil,359,112
Brazil,362,107
Brazil,409,105
Brazil,420,102
Germany,709,103
United Kingdom,723,107
United Kingdom,795,98
United Kingdom,817,110
Indonesia,329,53
Indonesia,353,44
Indonesia,685,46
Mexico,703,99
Mexico,921,104
Mexico,1110,109
Mexico,1176,102
Mexico,1207,105
Mexico,1216,99
Mexico,1217,113
Mexico,1218,112
Mexico,1219,103
Mexico,1224,108
Mexico,1283,118
Mexico,1289,106
United States,316,118
United States,336,112
United States,1436,102
Brazil,379,112
Brazil,725,106
Brazil,812,109
Brazil,816,108
Brazil,817,111
Germany,733,97
United Kingdom,667,99
United Kingdom,681,103
United Kingdom,750,106
United Kingdom,794,111
Indonesia,354,48
Indonesia,393,40
Indonesia,412,39
Indonesia,924,45
Mexico,628,101
Mexico,665,107
Mexico,706,95
Mexico,768,96
Mexico,816,99
Mexico,929,109
Mexico,943,108
Mexico,1182,106
Mexico,1190,110
Mexico,1241,105
Brazil,353,111
Brazil,354,108
Brazil,374,102
Brazil,1196,99
Brazil,1198,105
Germany,741,102
Germany,748,93
United Kingdom,751,103
United Kingdom,782,102
United Kingdom,796,102
Indonesia,339,45
Indonesia,398,43
Mexico,710,103
Mexico,1002,98
Mexico,1225,102
Mexico,1244,111
Brazil,360,104
Brazil,402,98
Brazil,791,110
Germany,657,100
Germany,737,99
Germany,759,105
United Kingdom,777,100
Indonesia,337,43
Indonesia,338,44
Indonesia,343,48
Indonesia,347,46
Indonesia,363,47
Indonesia,395,39
Mexico,659,105
Mexico,678,101
Mexico,723,114
Mexico,835,105
Mexico,905,95
Mexico,976,98
Mexico,1048,101
Mexico,1069,101
Mexico,1078,96
Mexico,1165,107
Mexico,1166,104
Mexico,1271,100
Mexico,1276,111
United States,1422,111
United States,1424,100
Brazil,1213,98
Germany,725,91
Germany,740,107
United Kingdom,684,99
United Kingdom,686,105
United Kingdom,797,93
United Kingdom,853,90
United Kingdom,897,114
Mexico,591,100
Mexico,717,105
Mexico,722,98
Mexico,733,107
Mexico,884,101
Mexico,912,102
Mexico,971,108
Mexico,1161,108
Mexico,1187,103
Mexico,1209,107
Mexico,1228,104
Mexico,1260,102
Mexico,1263,103
Mexico,1282,103
United States,318,108
United States,1399,104
United States,1413,113
United States,1414,113
Brazil,383,104
Brazil,398,99
Germany,611,93
United Kingdom,673,106
United Kingdom,728,102
United Kingdom,731,95
Indonesia,362,42
Indonesia,387,32
Mexico,654,110
Mexico,979,94
Mexico,983,111
Mexico,1073,104
Mexico,1074,95
Mexico,1253,110
Mexico,1257,104
Mexico,1258,98
United States,324,110
United States,1412,103
United States,1415,103
United States,1420,110
Brazil,363,112
Brazil,365,98
Brazil,1184,98
United Kingdom,674,91
United Kingdom,691,101
Indonesia,359,51
Indonesia,361,40
Indonesia,399,51
Indonesia,414,42
Mexico,755,95
Mexico,772,104
Mexico,878,104
Mexico,882,102
Mexico,960,105
Mexico,981,96
Mexico,1178,103
Mexico,1229,101
Mexico,1246,94
United States,314,102
Brazil,321,102
Brazil,720,99
Brazil,1199,101
Germany,739,93
United Kingdom,680,101
Mexico,656,103
Mexico,676,93
Mexico,693,101
Mexico,718,98
Mexico,721,101
Mexico,737,100
Mexico,783,103
Mexico,857,103
Mexico,876,94
Mexico,895,100
Mexico,913,103
Mexico,953,104
Mexico,955,90
Mexico,965,97
Mexico,978,94
Mexico,1167,104
Mexico,1189,98
Mexico,1284,102
Mexico,1296,103
United States,7,104
United States,321,105
Brazil,326,100
Brazil,371,99
Brazil,373,102
Germany,588,102
Germany,664,94
Germany,665,98
Germany,711,98
United Kingdom,670,97
United Kingdom,690,104
United Kingdom,807,97
Indonesia,358,38
Indonesia,690,36
Mexico,606,106
Mexico,663,97
Mexico,713,92
Mexico,736,99
Mexico,767,105
Mexico,788,98
Mexico,874,90
Mexico,907,91
Mexico,938,105
Mexico,968,90
Mexico,1015,98
Mexico,1139,89
Mexico,1172,99
Mexico,1214,99
Mexico,1247,104
Mexico,1270,102
Mexico,1281,107
Mexico,1298,101
United States,310,102
United States,1435,102
Brazil,367,102
Brazil,375,87
Brazil,393,104
Brazil,1207,105
Germany,661,96
Germany,719,93
Germany,726,93
Germany,731,88
Germany,734,98
Germany,744,90
United Kingdom,712,88
United Kingdom,735,90
United Kingdom,798,104
United Kingdom,818,91
Indonesia,340,34
Indonesia,688,36
Indonesia,916,46
Mexico,668,99
Mexico,764,90
Mexico,822,108
Mexico,906,97
Mexico,937,96
Mexico,947,98
Mexico,1084,104
Mexico,1095,93
Mexico,1114,98
Mexico,1162,99
Mexico,1235,101
United States,18,101
United States,307,102
United States,1438,109
Brazil,358,97
Brazil,387,97
Brazil,1209,100
Germany,677,90
Germany,680,109
Germany,684,102
Germany,723,95
Germany,788,92
United Kingdom,665,105
United Kingdom,698,99
United Kingdom,769,100
Indonesia,332,41
Indonesia,349,39
Indonesia,360,33
Indonesia,908,56
Mexico,730,99
Mexico,756,99
Mexico,769,89
Mexico,839,102
Mexico,865,96
Mexico,880,88
Mexico,998,96
Mexico,999,98
Mexico,1009,96
Mexico,1220,96
Mexico,1226,99
United States,309,107
Brazil,337,96
Brazil,357,91
Brazil,370,104
Brazil,380,93
Germany,668,95
Germany,674,93
Germany,687,94
Germany,700,97
Germany,706,97
Germany,743,89
Germany,745,96
United Kingdom,666,96
United Kingdom,679,90
United Kingdom,742,95
United Kingdom,770,93
United Kingdom,800,89
Indonesia,314,62
Indonesia,342,39
Indonesia,415,43
Indonesia,918,55
Mexico,590,92
Mexico,596,99
Mexico,626,95
Mexico,636,88
Mexico,738,96
Mexico,763,99
Mexico,781,95
Mexico,867,86
Mexico,873,94
Mexico,875,92
Mexico,877,100
Mexico,886,97
Mexico,911,89
Mexico,925,96
Mexico,951,95
Mexico,1028,105
Mexico,1047,91
Mexico,1055,93
Mexico,1107,93
Mexico,1233,102
Mexico,1243,97
United States,2,104
United States,1423,110
Brazil,347,101
Brazil,384,93
Brazil,399,97
Brazil,1218,92
Germany,658,95
Germany,688,93
Germany,729,92
Germany,752,85
Germany,786,91
United Kingdom,689,94
United Kingdom,773,93
United Kingdom,803,98
Indonesia,352,41
Indonesia,405,44
Indonesia,911,49
Mexico,647,102
Mexico,662,107
Mexico,714,103
Mexico,814,96
Mexico,901,90
Mexico,904,95
Mexico,944,92
Mexico,949,99
Mexico,1070,104
Mexico,1072,102
Mexico,1104,95
Mexico,1148,91
Mexico,1269,93
Mexico,1279,103
Mexico,1295,108
Mexico,1311,108
United States,19,97
United States,1431,98
United States,1437,100
Brazil,1227,93
Germany,652,101
Germany,728,91
Germany,757,86
Germany,764,91
Germany,779,88
Germany,793,89
United Kingdom,676,99
United Kingdom,683,85
United Kingdom,710,81
Indonesia,356,44
Mexico,639,102
Mexico,680,92
Mexico,688,92
Mexico,691,87
Mexico,696,91
Mexico,700,89
Mexico,728,91
Mexico,740,86
Mexico,854,100
Mexico,924,95
Mexico,934,93
Mexico,996,107
Mexico,1022,87
Mexico,1051,97
Mexico,1094,103
Mexico,1109,100
Mexico,1120,95
Mexico,1140,86
Mexico,1151,96
Mexico,1170,92
Mexico,1183,107
Mexico,1236,105
Mexico,1277,98
Mexico,1293,96
United States,17,100
United States,1428,99
Brazil,351,97
Brazil,361,95
Brazil,372,92
Brazil,1220,87
Germany,727,85
Germany,756,98
United Kingdom,675,87
United Kingdom,759,92
United Kingdom,783,85
Indonesia,319,56
Indonesia,397,39
Mexico,565,94
Mexico,575,95
Mexico,600,93
Mexico,695,85
Mexico,770,95
Mexico,872,89
Mexico,1005,86
Mexico,1130,96
Mexico,1152,89
Mexico,1305,94
Mexico,1312,92
United States,8,100
United States,301,98
United States,303,103
United States,315,95
United States,1430,94
Brazil,339,91
Brazil,1221,95
Germany,663,90
Germany,701,96
Germany,768,85
Germany,796,84
United Kingdom,696,98
United Kingdom,729,91
United Kingdom,805,81
Mexico,638,94
Mexico,686,74
Mexico,729,97
Mexico,747,90
Mexico,778,91
Mexico,779,91
Mexico,804,92
Mexico,930,97
Mexico,977,92
Mexico,984,100
Mexico,1013,93
Mexico,1092,93
Mexico,1158,89
United States,298,107
United States,308,94
United States,313,98
Brazil,332,89
Brazil,352,96
Brazil,356,92
Brazil,391,89
Germany,681,89
Germany,692,95
Germany,695,90
Germany,698,85
Germany,722,92
Germany,736,92
Germany,751,82
United Kingdom,694,98
United Kingdom,713,85
United Kingdom,726,89
United Kingdom,752,92
United Kingdom,767,84
Indonesia,309,59
Indonesia,689,40
Mexico,551,87
Mexico,624,87
Mexico,649,96
Mexico,650,96
Mexico,661,91
Mexico,664,105
Mexico,719,97
Mexico,720,97
Mexico,753,100
Mexico,759,98
Mexico,765,85
Mexico,786,96
Mexico,792,93
Mexico,811,89
Mexico,974,93
Mexico,989,85
Mexico,994,99
Mexico,1024,104
Mexico,1057,92
Mexico,1058,90
Mexico,1089,95
Mexico,1306,102
Brazil,342,92
Brazil,1210,93
Germany,713,90
Germany,714,86
Germany,760,91
Germany,782,90
United Kingdom,461,94
United Kingdom,590,90
United Kingdom,717,93
United Kingdom,730,92
United Kingdom,763,91
United Kingdom,827,89
Indonesia,345,39
Indonesia,401,34
Mexico,570,100
Mexico,605,85
Mexico,773,88
Mexico,782,91
Mexico,863,100
Mexico,897,98
Mexico,927,89
Mexico,952,86
Mexico,963,85
Mexico,986,90
Mexico,1083,95
Mexico,1091,94
Mexico,1102,90
Mexico,1103,94
Mexico,1118,80
Mexico,1144,87
Mexico,1145,92
Mexico,1147,86
Mexico,1160,95
Mexico,1254,99
Mexico,1280,99
Mexico,1286,89
Mexico,1302,94
Mexico,1319,91
United States,0,118
United States,289,100
Germany,650,87
Germany,667,90
Germany,712,81
United Kingdom,575,86
United Kingdom,741,89
United Kingdom,762,91
United Kingdom,772,95
United Kingdom,778,86
United Kingdom,786,88
United Kingdom,790,94
United Kingdom,799,91
United Kingdom,802,84
United Kingdom,816,91
United Kingdom,849,94
Indonesia,357,43
Mexico,543,92
Mexico,561,94
Mexico,588,103
Mexico,613,93
Mexico,629,89
Mexico,669,94
Mexico,699,85
Mexico,735,93
Mexico,742,96
Mexico,775,92
Mexico,800,102
Mexico,827,102
Mexico,859,91
Mexico,864,86
Mexico,915,95
Mexico,936,92
Mexico,1000,100
Mexico,1006,91
Mexico,1012,84
Mexico,1068,86
Mexico,1129,92
Mexico,1146,90
Mexico,1153,101
Mexico,1156,96
Mexico,1164,90
Mexico,1318,88
United States,306,95
Brazil,1201,89
Brazil,1208,93
Brazil,1226,92
Germany,675,96
Germany,694,80
Germany,718,86
Germany,765,89
Germany,780,91
Germany,800,86
Germany,801,79
United Kingdom,661,88
United Kingdom,668,86
United Kingdom,678,88
United Kingdom,706,94
United Kingdom,737,84
United Kingdom,743,87
United Kingdom,746,91
United Kingdom,779,83
United Kingdom,789,85
United Kingdom,804,82
United Kingdom,808,74
United Kingdom,814,91
United Kingdom,829,96
United Kingdom,837,87
United Kingdom,843,85
United Kingdom,844,89
United Kingdom,852,92
Indonesia,402,33
Mexico,522,92
Mexico,547,86
Mexico,567,88
Mexico,615,92
Mexico,648,92
Mexico,652,91
Mexico,697,83
Mexico,744,92
Mexico,787,93
Mexico,813,91
Mexico,823,78
Mexico,861,95
Mexico,890,98
Mexico,894,95
Mexico,933,76
Mexico,942,89
Mexico,962,89
Mexico,972,85
Mexico,985,89
Mexico,997,90
Mexico,1037,89
Mexico,1061,88
Mexico,1062,89
Mexico,1093,98
Mexico,1127,87
Mexico,1136,93
Mexico,1138,83
United States,311,91
United States,335,95
Brazil,343,95
Brazil,1203,83
Brazil,1219,90
Germany,690,77
Germany,703,92
Germany,708,92
Germany,766,84
Germany,777,89
United Kingdom,624,87
United Kingdom,632,100
United Kingdom,662,87
United Kingdom,682,91
United Kingdom,787,90
United Kingdom,842,90
United Kingdom,865,87
Indonesia,905,33
Indonesia,912,44
Mexico,521,92
Mexico,552,88
Mexico,566,92
Mexico,574,89
Mexico,597,90
Mexico,614,96
Mexico,653,87
Mexico,707,93
Mexico,731,85
Mexico,732,91
Mexico,761,89
Mexico,780,92
Mexico,815,90
Mexico,824,87
Mexico,836,92
Mexico,1060,91
Mexico,1117,88
Mexico,1238,93
Mexico,1303,97
Mexico,1304,95
United States,3,92
Brazil,317,85
Brazil,334,97
Brazil,355,79
Brazil,1211,93
Germany,646,78
Germany,660,88
Germany,717,91
Germany,724,83
Germany,746,81
United Kingdom,516,83
United Kingdom,607,92
United Kingdom,649,94
United Kingdom,654,88
United Kingdom,659,77
United Kingdom,671,92
United Kingdom,693,84
United Kingdom,722,83
United Kingdom,732,82
United Kingdom,754,88
United Kingdom,781,83
United Kingdom,785,90
United Kingdom,847,88
Mexico,569,90
Mexico,581,90
Mexico,584,101
Mexico,630,88
Mexico,633,97
Mexico,634,91
Mexico,681,88
Mexico,734,83
Mexico,739,87
Mexico,776,92
Mexico,796,86
Mexico,806,90
Mexico,821,87
Mexico,841,90
Mexico,853,89
Mexico,870,90
Mexico,871,83
Mexico,919,87
Mexico,931,88
Mexico,1001,82
Mexico,1004,79
Mexico,1008,96
Mexico,1067,88
Mexico,1119,86
Mexico,1135,90
Mexico,1261,92
Mexico,1325,98
United States,300,90
Brazil,344,85
Brazil,346,96
Brazil,1214,82
Germany,689,80
Germany,697,88
Germany,762,84
Germany,783,84
Germany,787,90
United Kingdom,716,82
United Kingdom,734,78
United Kingdom,753,80
United Kingdom,756,80
United Kingdom,764,85
United Kingdom,775,77
United Kingdom,824,79
United Kingdom,848,81
United Kingdom,850,85
Indonesia,396,36
Indonesia,413,29
Indonesia,694,28
Mexico,514,90
Mexico,554,83
Mexico,589,86
Mexico,623,89
Mexico,646,93
Mexico,651,92
Mexico,655,81
Mexico,660,93
Mexico,684,81
Mexico,687,81
Mexico,689,84
Mexico,795,84
Mexico,818,85
Mexico,834,82
Mexico,860,85
Mexico,879,87
Mexico,948,85
Mexico,980,84
Mexico,987,78
Mexico,1045,87
Mexico,1065,87
Mexico,1077,89
Mexico,1090,77
Mexico,1301,92
Mexico,1326,89
Brazil,319,76
Brazil,330,95
Brazil,1206,94
Brazil,1229,88
Germany,683,91
Germany,750,84
Germany,755,85
Germany,785,85
United Kingdom,462,87
United Kingdom,660,90
United Kingdom,685,91
United Kingdom,708,86
United Kingdom,740,91
United Kingdom,748,88
United Kingdom,766,80
Indonesia,691,36
Indonesia,913,45
Indonesia,917,32
Mexico,556,86
Mexico,572,83
Mexico,611,90
Mexico,635,87
Mexico,640,84
Mexico,641,84
Mexico,644,81
Mexico,698,83
Mexico,794,89
Mexico,820,83
Mexico,848,84
Mexico,850,85
Mexico,869,94
Mexico,883,91
Mexico,885,80
Mexico,916,91
Mexico,917,93
Mexico,957,95
Mexico,973,92
Mexico,1046,89
Mexico,1053,90
Mexico,1098,80
Mexico,1108,87
Mexico,1137,88
Mexico,1320,79
United States,4,88
Brazil,318,92
Brazil,322,86
Brazil,340,87
Brazil,1212,85
Germany,651,81
Germany,696,80
Germany,716,85
Germany,738,78
Germany,761,81
Germany,763,77
Germany,776,81
Germany,778,80
United Kingdom,562,90
United Kingdom,672,85
United Kingdom,677,84
United Kingdom,719,74
United Kingdom,727,89
United Kingdom,733,80
United Kingdom,776,85
United Kingdom,801,81
United Kingdom,840,85
United Kingdom,854,88
United Kingdom,858,87
Indonesia,400,42
Indonesia,403,31
Indonesia,909,44
Mexico,553,87
Mexico,603,85
Mexico,618,90
Mexico,667,82
Mexico,670,89
Mexico,677,77
Mexico,724,86
Mexico,790,88
Mexico,826,88
Mexico,832,82
Mexico,833,90
Mexico,842,91
Mexico,847,91
Mexico,856,84
Mexico,903,89
Mexico,909,80
Mexico,1063,80
Mexico,1099,86
Mexico,1100,88
Mexico,1132,93
Mexico,1154,86
Mexico,1237,85
Mexico,1317,91
United States,292,93
Brazil,329,89
Brazil,385,88
Brazil,1205,83
Brazil,1231,90
Germany,516,86
Germany,630,87
Germany,669,80
Germany,691,88
United Kingdom,563,90
United Kingdom,711,84
United Kingdom,718,75
United Kingdom,736,79
United Kingdom,745,90
United Kingdom,755,87
United Kingdom,765,89
United Kingdom,774,90
United Kingdom,806,78
United Kingdom,812,91
United Kingdom,820,78
United Kingdom,855,75
United Kingdom,857,88
Indonesia,318,57
Mexico,509,85
Mexico,557,83
Mexico,585,86
Mexico,608,94
Mexico,616,87
Mexico,692,80
Mexico,754,88
Mexico,793,73
Mexico,805,81
Mexico,808,83
Mexico,828,89
Mexico,831,90
Mexico,837,87
Mexico,844,88
Mexico,923,84
Mexico,991,90
Mexico,995,83
Mexico,1019,85
Mexico,1086,86
Mexico,1087,86
Mexico,1097,79
Mexico,1111,85
United States,24,94
United States,30,88
United States,277,77
Brazil,316,93
Brazil,320,83
Brazil,336,80
Brazil,1223,77
Brazil,1224,85
Germany,638,75
Germany,686,84
Germany,705,88
Germany,798,77
Germany,802,74
Germany,817,79
Germany,818,80
United Kingdom,483,87
United Kingdom,692,89
United Kingdom,704,90
United Kingdom,714,83
United Kingdom,768,78
United Kingdom,819,80
United Kingdom,845,78
Mexico,520,89
Mexico,523,86
Mexico,555,86
Mexico,593,88
Mexico,602,85
Mexico,631,86
Mexico,632,86
Mexico,749,83
Mexico,758,89
Mexico,785,81
Mexico,849,82
Mexico,1034,83
Mexico,1044,85
Mexico,1096,77
Mexico,1123,91
Mexico,1124,86
Mexico,1278,89
Mexico,1307,81
United States,33,91
Brazil,314,79
Brazil,1217,79
Brazil,1235,86
Germany,634,78
Germany,644,78
Germany,673,87
Germany,720,70
Germany,771,79
Germany,792,95
Germany,795,88
Germany,807,82
United Kingdom,463,85
United Kingdom,653,80
United Kingdom,709,76
United Kingdom,720,85
United Kingdom,744,88
United Kingdom,757,86
United Kingdom,834,79
Indonesia,297,62
Indonesia,301,39
Indonesia,914,41
Mexico,525,77
Mexico,576,80
Mexico,592,84
Mexico,621,83
Mexico,642,91
Mexico,774,78
Mexico,777,80
Mexico,784,89
Mexico,855,88
Mexico,881,80
Mexico,959,75
Mexico,961,81
Mexico,1054,86
Mexico,1106,83
Mexico,1133,83
Mexico,1300,87
Mexico,1322,91
United States,11,94
Brazil,323,86
Brazil,1200,84
Germany,590,74
Germany,598,74
Germany,606,73
Germany,656,83
Germany,670,83
Germany,693,85
Germany,769,74
Germany,770,79
Germany,773,87
Germany,781,73
Germany,803,68
United Kingdom,514,91
United Kingdom,515,79
United Kingdom,611,73
United Kingdom,701,83
United Kingdom,749,77
United Kingdom,758,78
United Kingdom,821,73
United Kingdom,826,88
Indonesia,695,31
Indonesia,906,43
Indonesia,915,56
Mexico,527,83
Mexico,535,87
Mexico,550,90
Mexico,579,89
Mexico,607,80
Mexico,627,80
Mexico,637,89
Mexico,702,79
Mexico,799,93
Mexico,807,82
Mexico,809,86
Mexico,843,85
Mexico,851,86
Mexico,852,82
Mexico,1038,80
Mexico,1043,86
Mexico,1081,88
Mexico,1105,90
Mexico,1142,80
Mexico,1232,77
Mexico,1321,80
United States,1,91
United States,9,83
United States,12,89
United States,26,85
Brazil,307,83
Brazil,1225,78
Germany,519,82
Germany,649,76
Germany,702,75
Germany,753,72
Germany,758,69
United Kingdom,669,71
United Kingdom,823,69
Indonesia,406,33
Indonesia,704,40
Indonesia,907,37
Mexico,599,88
Mexico,601,75
Mexico,672,84
Mexico,682,79
Mexico,752,80
Mexico,801,89
Mexico,825,90
Mexico,892,77
Mexico,1014,76
Mexico,1025,74
Mexico,1031,80
Mexico,1039,84
Mexico,1079,81
Mexico,1082,80
Mexico,1115,81
Mexico,1309,87
Mexico,1314,88
Mexico,1316,85
United States,10,82
United States,15,82
United States,283,88
United States,291,88
United States,293,90
United States,296,90
United States,297,87
Brazil,338,76
Germany,577,74
Germany,585,80
Germany,615,75
Germany,616,75
Germany,624,73
Germany,633,82
Germany,636,77
Germany,682,79
Germany,747,78
United Kingdom,500,85
United Kingdom,512,81
United Kingdom,539,81
United Kingdom,612,79
United Kingdom,664,89
United Kingdom,687,78
United Kingdom,695,82
United Kingdom,832,77
United Kingdom,841,78
United Kingdom,846,88
United Kingdom,882,84
Indonesia,312,53
Indonesia,313,47
Indonesia,692,40
Indonesia,698,51
Mexico,485,78
Mexico,515,75
Mexico,562,80
Mexico,725,87
Mexico,745,71
Mexico,748,88
Mexico,760,87
Mexico,803,82
Mexico,969,79
Mexico,1003,84
Mexico,1016,73
Mexico,1021,84
Mexico,1040,80
Mexico,1066,77
Mexico,1085,86
Mexico,1294,84
United States,13,87
United States,50,81
United States,284,98
United States,286,82
United States,299,81
Brazil,348,79
Brazil,1232,81
Germany,526,80
Germany,530,74
Germany,593,77
Germany,596,78
Germany,607,81
Germany,610,74
Germany,659,76
Germany,676,75
Germany,797,68
United Kingdom,525,79
United Kingdom,564,76
United Kingdom,588,79
United Kingdom,657,80
United Kingdom,702,77
United Kingdom,705,80
United Kingdom,810,82
United Kingdom,831,80
Indonesia,320,48
Indonesia,407,33
Mexico,580,78
Mexico,598,82
Mexico,617,84
Mexico,791,89
Mexico,829,75
Mexico,889,88
Mexico,992,74
Mexico,1017,76
Mexico,1035,80
Mexico,1080,84
Mexico,1088,84
Mexico,1126,84
Mexico,1134,83
Mexico,1141,77
Mexico,1323,87
Mexico,1324,86
Mexico,1327,84
Mexico,1328,84
United States,285,90
United States,1439,85
Brazil,327,79
Brazil,335,81
Germany,586,84
Germany,640,76
Germany,645,70
Germany,679,79
Germany,754,72
Germany,775,76
Germany,806,70
United Kingdom,630,83
United Kingdom,761,81
United Kingdom,859,82
Indonesia,305,47
Indonesia,706,39
Indonesia,904,41
Mexico,510,81
Mexico,532,76
Mexico,536,78
Mexico,540,72
Mexico,571,78
Mexico,573,73
Mexico,587,80
Mexico,671,78
Mexico,789,80
Mexico,817,84
Mexico,830,76
Mexico,845,82
Mexico,868,79
Mexico,887,80
Mexico,950,72
Mexico,956,79
Mexico,975,80
Mexico,1030,75
Mexico,1032,80
Mexico,1036,77
Mexico,1042,85
Mexico,1125,79
Mexico,1159,80
United States,40,83
Brazil,325,86
Brazil,1202,85
Germany,561,79
Germany,563,82
Germany,604,76
Germany,774,75
Germany,789,79
United Kingdom,508,78
United Kingdom,536,83
United Kingdom,610,79
United Kingdom,648,74
United Kingdom,724,71
United Kingdom,760,73
United Kingdom,856,71
United Kingdom,884,75
Indonesia,298,46
Indonesia,300,31
Indonesia,308,46
Mexico,558,80
Mexico,586,84
Mexico,604,76
Mexico,751,81
Mexico,762,84
Mexico,846,77
Mexico,891,84
Mexico,896,79
Mexico,918,75
Mexico,967,82
Mexico,988,82
Mexico,1007,76
Mexico,1023,75
Mexico,1033,79
Mexico,1064,76
Mexico,1149,83
Mexico,1231,72
Mexico,1310,80
Mexico,1313,76
United States,274,86
Brazil,341,76
Brazil,1222,77
Germany,520,67
Germany,587,81
Germany,605,80
Germany,608,74
Germany,613,67
Germany,614,75
Germany,643,77
Germany,648,76
Germany,653,71
Germany,721,71
United Kingdom,393,82
United Kingdom,415,75
United Kingdom,480,82
United Kingdom,502,78
United Kingdom,506,74
United Kingdom,511,87
United Kingdom,527,72
United Kingdom,531,79
United Kingdom,540,76
United Kingdom,565,75
United Kingdom,572,78
United Kingdom,595,77
United Kingdom,609,76
United Kingdom,663,76
United Kingdom,697,74
United Kingdom,747,78
United Kingdom,838,71
United Kingdom,874,78
United Kingdom,880,78
Mexico,503,80
Mexico,504,78
Mexico,541,83
Mexico,546,87
Mexico,560,84
Mexico,594,78
Mexico,595,78
Mexico,619,78
Mexico,643,75
Mexico,746,75
Mexico,798,80
Mexico,812,77
Mexico,893,90
Mexico,922,76
Mexico,970,81
Mexico,982,80
Mexico,1010,82
Mexico,1041,80
Mexico,1112,80
Mexico,1308,75
Mexico,1315,81
United States,20,81
United States,41,87
United States,288,72
Brazil,303,87
Brazil,333,77
Germany,448,85
Germany,581,80
Germany,583,71
Germany,637,63
Germany,704,70
Germany,772,70
Germany,794,73
United Kingdom,299,76
United Kingdom,505,71
United Kingdom,513,70
United Kingdom,533,75
United Kingdom,548,73
United Kingdom,583,77
United Kingdom,700,82
United Kingdom,715,79
United Kingdom,721,76
United Kingdom,788,77
United Kingdom,791,80
United Kingdom,792,79
United Kingdom,822,78
United Kingdom,883,73
United Kingdom,889,72
Indonesia,316,49
Mexico,534,76
Mexico,625,80
Mexico,757,73
Mexico,771,75
Mexico,797,80
Mexico,840,78
Mexico,866,79
Mexico,958,81
Mexico,1029,82
Mexico,1122,81
United States,269,88
Brazil,308,83
Brazil,1215,75
Brazil,1230,74
Brazil,1242,81
Brazil,1273,83
Germany,632,70
Germany,715,76
Germany,799,71
United Kingdom,381,79
United Kingdom,398,79
United Kingdom,456,76
United Kingdom,473,77
United Kingdom,479,78
United Kingdom,520,78
United Kingdom,587,70
United Kingdom,602,70
United Kingdom,616,79
United Kingdom,688,59
United Kingdom,707,73
United Kingdom,738,73
United Kingdom,771,79
United Kingdom,833,69
United Kingdom,836,71
United Kingdom,864,71
United Kingdom,867,71
Indonesia,311,49
Indonesia,404,21
Indonesia,902,40
Mexico,513,74
Mexico,548,74
Mexico,559,71
Mexico,610,71
Mexico,620,72
Mexico,622,76
Mexico,766,73
Mexico,838,76
Mexico,862,81
Mexico,1020,76
Mexico,1027,78
Mexico,1049,70
Mexico,1157,80
Mexico,1299,81
Mexico,1332,73
United States,5,80
United States,6,83
United States,14,82
United States,21,82
United States,46,78
United States,247,82
United States,260,75
United States,294,75
Brazil,306,72
Brazil,309,75
Brazil,311,77
Brazil,315,77
Brazil,324,79
Brazil,1284,75
Germany,567,79
Germany,576,76
Germany,601,79
Germany,735,72
United Kingdom,245,80
United Kingdom,394,82
United Kingdom,416,81
United Kingdom,431,75
United Kingdom,504,70
United Kingdom,507,76
United Kingdom,523,83
United Kingdom,538,75
United Kingdom,593,71
United Kingdom,631,73
United Kingdom,633,73
United Kingdom,636,79
United Kingdom,658,80
United Kingdom,725,73
United Kingdom,811,72
United Kingdom,825,69
United Kingdom,839,81
United Kingdom,860,69
United Kingdom,862,76
United Kingdom,892,80
Mexico,519,75
Mexico,538,85
Mexico,568,68
Mexico,577,68
Mexico,582,77
Mexico,675,66
Mexico,679,75
Mexico,1155,71
Mexico,1329,74
United States,16,79
United States,49,89
United States,271,84
United States,278,76
United States,280,84
United States,290,83
United States,304,77
United States,305,81
Brazil,331,70
Brazil,1216,82
Germany,487,79
Germany,518,78
Germany,570,72
Germany,591,70
Germany,612,65
Germany,631,69
Germany,672,74
Germany,790,76
United Kingdom,521,73
United Kingdom,522,82
United Kingdom,528,78
United Kingdom,547,78
United Kingdom,558,80
United Kingdom,573,64
United Kingdom,592,80
United Kingdom,603,70
United Kingdom,835,73
United Kingdom,898,72
United Kingdom,902,71
Indonesia,707,33
Indonesia,708,32
Indonesia,910,35
Mexico,478,71
Mexico,507,82
Mexico,516,74
Mexico,528,80
Mexico,545,78
Mexico,583,73
Mexico,888,84
Mexico,1050,76
Mexico,1075,73
Mexico,1101,75
Mexico,1348,78
United States,31,72
United States,56,75
Brazil,299,80
Brazil,304,73
Brazil,305,72
Brazil,313,83
Brazil,1256,75
Brazil,1272,81
Germany,470,78
Germany,483,79
Germany,531,72
Germany,551,77
Germany,609,71
Germany,628,76
Germany,678,72
Germany,707,71
Germany,742,61
United Kingdom,411,65
United Kingdom,472,74
United Kingdom,490,78
United Kingdom,524,72
United Kingdom,534,78
United Kingdom,542,83
United Kingdom,549,80
United Kingdom,579,77
United Kingdom,585,70
United Kingdom,604,70
United Kingdom,617,69
United Kingdom,650,78
United Kingdom,699,75
United Kingdom,739,76
United Kingdom,899,73
Indonesia,306,44
Indonesia,693,47
Indonesia,697,34
Indonesia,700,29
Indonesia,703,32
Indonesia,710,35
Mexico,501,70
Mexico,533,79
Mexico,537,76
Mexico,993,68
Mexico,1011,66
Mexico,1335,74
United States,22,75
United States,272,80
United States,295,79
Brazil,310,72
Brazil,1254,79
Germany,555,74
Germany,578,68
Germany,621,81
Germany,820,72
United Kingdom,349,61
United Kingdom,424,84
United Kingdom,432,72
United Kingdom,459,73
United Kingdom,468,81
United Kingdom,545,74
United Kingdom,561,76
United Kingdom,569,75
United Kingdom,586,68
United Kingdom,589,73
United Kingdom,628,76
United Kingdom,656,78
United Kingdom,830,68
United Kingdom,885,69
Indonesia,299,31
Indonesia,720,35
Mexico,524,79
Mexico,578,74
Mexico,612,78
Mexico,1026,68
Mexico,1059,70
Mexico,1143,70
United States,276,81
Brazil,279,74
Brazil,297,78
Germany,363,73
Germany,537,67
Germany,548,72
Germany,550,73
Germany,618,71
Germany,625,70
Germany,816,69
Germany,822,71
United Kingdom,383,65
United Kingdom,509,68
United Kingdom,556,72
United Kingdom,591,69
United Kingdom,647,76
United Kingdom,652,71
United Kingdom,655,72
United Kingdom,784,63
United Kingdom,851,72
United Kingdom,871,77
United Kingdom,903,78
United Kingdom,906,69
Indonesia,315,39
Mexico,456,75
Mexico,482,74
Mexico,539,70
Mexico,544,67
Mexico,609,76
Mexico,858,73
Mexico,914,73
Mexico,1071,71
Mexico,1113,72
Mexico,1333,72
Mexico,1336,78
Brazil,1234,73
Germany,463,73
Germany,514,74
Germany,525,67
Germany,647,69
Germany,655,68
Germany,671,70
Germany,699,69
Germany,805,66
United Kingdom,211,72
United Kingdom,400,78
United Kingdom,445,74
United Kingdom,455,74
United Kingdom,486,75
United Kingdom,491,71
United Kingdom,499,72
United Kingdom,501,71
United Kingdom,517,71
United Kingdom,537,64
United Kingdom,581,73
United Kingdom,879,77
Indonesia,307,44
Indonesia,702,33
Indonesia,705,28
Indonesia,709,28
Indonesia,714,31
Indonesia,885,24
Mexico,476,80
Mexico,517,73
Mexico,526,68
Mexico,750,74
Mexico,1056,77
Mexico,1076,69
Mexico,1150,67
Mexico,1330,73
Mexico,1334,76
Mexico,1344,78
Mexico,1362,82
United States,25,77
United States,29,76
United States,32,77
United States,62,71
United States,89,73
United States,261,76
United States,282,74
Brazil,345,65
Germany,496,70
Germany,509,75
Germany,540,71
Germany,732,64
Germany,814,70
Germany,824,59
United Kingdom,267,73
United Kingdom,324,67
United Kingdom,390,70
United Kingdom,392,70
United Kingdom,401,72
United Kingdom,410,66
United Kingdom,425,63
United Kingdom,541,71
United Kingdom,552,70
United Kingdom,554,75
United Kingdom,580,63
United Kingdom,584,70
United Kingdom,626,69
United Kingdom,634,76
United Kingdom,640,72
United Kingdom,641,69
United Kingdom,863,70
United Kingdom,904,71
Indonesia,296,63
Indonesia,712,26
Indonesia,900,49
Mexico,477,69
Mexico,499,75
Mexico,529,70
Mexico,563,73
Mexico,645,68
United States,36,74
United States,262,79
United States,267,73
United States,287,78
Brazil,302,75
Brazil,312,75
Brazil,328,79
Brazil,1233,68
Germany,274,73
Germany,321,67
Germany,425,71
Germany,464,73
Germany,490,68
Germany,494,63
Germany,500,71
Germany,600,69
Germany,619,63
Germany,641,72
Germany,804,68
United Kingdom,110,77
United Kingdom,204,69
United Kingdom,206,67
United Kingdom,250,65
United Kingdom,344,76
United Kingdom,350,70
United Kingdom,377,71
United Kingdom,395,66
United Kingdom,412,67
United Kingdom,419,70
United Kingdom,427,71
United Kingdom,430,68
United Kingdom,450,73
United Kingdom,544,64
United Kingdom,551,70
United Kingdom,567,69
United Kingdom,576,63
United Kingdom,594,65
United Kingdom,597,73
United Kingdom,645,76
United Kingdom,888,72
Indonesia,699,35
Indonesia,722,35
Indonesia,901,44
Mexico,454,76
Mexico,471,68
Mexico,496,81
Mexico,674,71
Mexico,1052,69
Mexico,1359,74
United States,58,72
United States,64,73
United States,302,71
Brazil,295,77
Brazil,1240,69
Germany,317,70
Germany,328,64
Germany,357,75
Germany,454,68
Germany,455,68
Germany,502,68
Germany,507,67
Germany,536,70
Germany,557,71
Germany,635,63
Germany,639,60
Germany,821,61
United Kingdom,183,70
United Kingdom,207,63
United Kingdom,248,76
United Kingdom,297,72
United Kingdom,347,76
United Kingdom,440,71
United Kingdom,446,66
United Kingdom,498,65
United Kingdom,503,65
United Kingdom,535,68
United Kingdom,605,66
United Kingdom,627,71
United Kingdom,866,73
United Kingdom,876,69
United Kingdom,900,70
Indonesia,317,47
Indonesia,696,35
Indonesia,724,31
Indonesia,726,33
Mexico,484,72
Mexico,489,67
Mexico,530,74
Mexico,964,65
Mexico,1363,75
Mexico,1366,68
Mexico,1367,70
United States,27,77
United States,28,75
United States,53,75
United States,258,78
United States,281,68
Brazil,300,61
Germany,346,63
Germany,524,78
Germany,575,67
Germany,589,74
Germany,592,68
Germany,597,68
Germany,603,65
Germany,784,66
United Kingdom,149,77
United Kingdom,251,57
United Kingdom,258,72
United Kingdom,322,58
United Kingdom,348,75
United Kingdom,351,66
United Kingdom,365,69
United Kingdom,370,70
United Kingdom,380,75
United Kingdom,408,74
United Kingdom,409,66
United Kingdom,420,72
United Kingdom,460,74
United Kingdom,467,71
United Kingdom,470,70
United Kingdom,485,68
United Kingdom,615,64
United Kingdom,621,65
United Kingdom,639,68
United Kingdom,886,63
United Kingdom,887,68
Mexico,511,74
Mexico,518,73
Mexico,531,61
Mexico,564,71
Mexico,802,69
Mexico,1121,71
Mexico,1131,68
United States,42,73
United States,248,64
United States,263,65
Brazil,282,78
Brazil,1228,65
Brazil,1241,74
Germany,387,72
Germany,485,70
Germany,539,66
Germany,580,69
Germany,594,68
Germany,622,63
Germany,826,61
Germany,831,63
Germany,832,63
Germany,833,68
United Kingdom,219,74
United Kingdom,221,66
United Kingdom,337,64
United Kingdom,354,63
United Kingdom,369,70
United Kingdom,391,66
United Kingdom,399,58
United Kingdom,405,71
United Kingdom,543,75
United Kingdom,574,67
United Kingdom,578,61
United Kingdom,606,67
United Kingdom,608,61
United Kingdom,625,64
United Kingdom,638,65
United Kingdom,643,70
United Kingdom,651,66
United Kingdom,813,64
United Kingdom,875,69
United Kingdom,890,71
United Kingdom,895,67
Indonesia,302,22
Indonesia,701,35
Indonesia,717,29
Mexico,483,72
Mexico,500,65
Mexico,819,70
Mexico,1347,70
United States,39,66
United States,44,76
United States,70,73
United States,72,67
Brazil,281,71
Brazil,285,67
Brazil,288,78
Brazil,290,76
Brazil,1246,64
Brazil,1252,67
Brazil,1268,73
Brazil,1288,68
Germany,388,69
Germany,453,64
Germany,457,65
Germany,498,67
Germany,505,69
Germany,521,68
Germany,534,63
Germany,547,75
Germany,554,68
Germany,569,68
Germany,584,59
Germany,791,66
Germany,808,63
Germany,810,66
Germany,819,67
United Kingdom,191,71
United Kingdom,212,66
United Kingdom,298,71
United Kingdom,323,60
United Kingdom,382,68
United Kingdom,434,66
United Kingdom,471,66
United Kingdom,568,69
United Kingdom,570,66
United Kingdom,582,66
United Kingdom,618,68
United Kingdom,703,67
United Kingdom,870,67
United Kingdom,872,67
United Kingdom,893,62
Mexico,486,63
Mexico,498,74
Mexico,1331,78
United States,34,70
United States,35,75
United States,45,72
United States,51,65
Brazil,287,72
Brazil,291,68
Brazil,1238,66
Brazil,1264,64
Brazil,1265,67
Brazil,1267,80
Germany,322,62
Germany,446,72
Germany,451,70
Germany,465,68
Germany,466,67
Germany,479,66
Germany,527,66
Germany,535,61
Germany,558,70
Germany,595,63
Germany,599,56
Germany,627,56
Germany,710,60
Germany,809,69
Germany,830,61
United Kingdom,135,72
United Kingdom,159,66
United Kingdom,184,71
United Kingdom,194,69
United Kingdom,203,67
United Kingdom,210,72
United Kingdom,215,68
United Kingdom,239,62
United Kingdom,336,69
United Kingdom,371,67
United Kingdom,481,62
United Kingdom,497,64
United Kingdom,530,65
United Kingdom,553,65
United Kingdom,571,71
United Kingdom,577,64
United Kingdom,600,75
United Kingdom,620,71
United Kingdom,629,74
United Kingdom,793,73
United Kingdom,815,62
United Kingdom,878,70
United Kingdom,896,73
Indonesia,304,26
Mexico,459,64
Mexico,468,65
Mexico,549,66
Mexico,1018,70
Mexico,1342,72
United States,65,70
United States,265,73
United States,273,72
Brazil,1243,61
Brazil,1255,65
Brazil,1258,72
Germany,370,71
Germany,434,67
Germany,473,61
Germany,489,65
Germany,512,57
Germany,538,66
Germany,544,67
Germany,549,65
Germany,560,69
Germany,629,60
United Kingdom,111,60
United Kingdom,209,70
United Kingdom,214,64
United Kingdom,241,70
United Kingdom,242,68
United Kingdom,282,70
United Kingdom,362,65
United Kingdom,435,70
United Kingdom,449,57
United Kingdom,452,69
United Kingdom,475,67
United Kingdom,494,69
United Kingdom,495,65
United Kingdom,555,63
United Kingdom,557,64
United Kingdom,613,71
United Kingdom,861,67
United Kingdom,869,61
United Kingdom,873,66
United Kingdom,901,66
Mexico,508,67
Mexico,810,66
Mexico,1341,77
Mexico,1374,72
United States,23,73
United States,37,71
United States,47,62
United States,48,71
United States,54,65
United States,59,70
United States,85,71
United States,268,70
United States,270,68
United States,275,69
Brazil,1247,62
Brazil,1249,67
Germany,279,68
Germany,293,72
Germany,458,63
Germany,467,71
Germany,510,62
Germany,517,65
Germany,533,61
Germany,541,69
Germany,542,67
Germany,553,58
Germany,556,64
Germany,579,70
Germany,642,63
United Kingdom,77,62
United Kingdom,148,59
United Kingdom,152,67
United Kingdom,205,67
United Kingdom,226,63
United Kingdom,249,67
United Kingdom,261,65
United Kingdom,312,68
United Kingdom,313,64
United Kingdom,333,61
United Kingdom,414,66
United Kingdom,426,66
United Kingdom,454,68
United Kingdom,474,61
United Kingdom,510,67
United Kingdom,532,68
United Kingdom,546,53
United Kingdom,566,56
United Kingdom,907,66
United Kingdom,914,67
Indonesia,884,29
Mexico,479,62
Mexico,495,73
Mexico,497,72
Mexico,506,70
Mexico,1339,75
Mexico,1354,70
United States,38,60
United States,43,68
United States,245,72
United States,256,67
United States,259,69
Brazil,283,65
Brazil,294,62
Brazil,1237,64
Brazil,1270,70
Germany,348,60
Germany,401,60
Germany,408,70
Germany,474,61
Germany,480,68
Germany,545,60
Germany,574,63
Germany,626,61
United Kingdom,117,65
United Kingdom,129,66
United Kingdom,181,58
United Kingdom,187,65
United Kingdom,252,60
United Kingdom,266,67
United Kingdom,275,72
United Kingdom,300,62
United Kingdom,316,66
United Kingdom,325,65
United Kingdom,368,64
United Kingdom,417,58
United Kingdom,422,62
United Kingdom,438,62
United Kingdom,441,64
United Kingdom,469,59
United Kingdom,529,58
United Kingdom,560,68
United Kingdom,868,55
United Kingdom,877,60
Indonesia,711,30
Indonesia,725,32
Mexico,491,68
Mexico,673,62
Mexico,1343,69
Mexico,1357,75
Mexico,1358,68
United States,279,73
Brazil,284,64
Brazil,1261,69
Brazil,1266,65
Germany,280,63
Germany,284,63
Germany,329,56
Germany,350,60
Germany,377,61
Germany,476,56
Germany,482,65
Germany,501,65
Germany,543,66
Germany,546,59
Germany,552,57
Germany,562,65
Germany,566,62
Germany,572,62
Germany,582,63
Germany,623,65
Germany,837,56
Germany,848,61
United Kingdom,91,66
United Kingdom,105,57
United Kingdom,123,65
United Kingdom,253,68
United Kingdom,283,61
United Kingdom,346,65
United Kingdom,367,62
United Kingdom,384,68
United Kingdom,385,62
United Kingdom,418,58
United Kingdom,476,68
United Kingdom,487,55
United Kingdom,550,60
United Kingdom,598,68
United Kingdom,601,65
United Kingdom,646,67
United Kingdom,881,62
United Kingdom,916,66
Indonesia,721,39
Indonesia,728,33
Mexico,474,65
Mexico,487,62
Mexico,502,62
Mexico,512,58
Mexico,1338,66
Mexico,1349,65
Mexico,1351,72
Mexico,1355,63
Mexico,1365,65
Mexico,1377,64
United States,57,64
United States,88,70
United States,91,66
Brazil,246,67
Brazil,1253,61
Germany,291,62
Germany,296,66
Germany,314,63
Germany,320,59
Germany,331,61
Germany,385,68
Germany,405,70
Germany,424,60
Germany,459,63
Germany,511,58
Germany,532,67
Germany,812,60
Germany,813,62
Germany,828,64
Germany,838,56
United Kingdom,182,62
United Kingdom,195,66
United Kingdom,208,57
United Kingdom,224,67
United Kingdom,225,65